标签,频次
鲁迅,503
文学,276
读书,175
故事新编,124
人文,123
故事,97
历史,95
语文,85
小说,74
学习,71
周树人,69
必剪创作,58
经典,51
有声书,47
人物,43
有声小说,43
小学语文,42
名著,40
鲁迅全集,40
文化,38
肉叔说书,38
CV锅包肉,38
公开课,37
作文,35
原创,33
阅读,29
影视剪辑,27
觉醒年代,26
朝花夕拾,25
优质课,24
教育,23
小学,22
短片,21
中国,21
四年级下册,19
搞笑,19
动画,18
剧情向,16
生活记录,16
人文历史档案馆,15
新学期多点新知识,15
记录,14
知识分享官,13
铸剑,13
经典电影,13
小学作文,12
课程,12
新编,12
狂人日记,12
呐喊,11
何捷,11
神话,11
艺术,11
动画短片,11
是老师，也是UP主！,11
万物研究所,11
娱乐,11
读书分享,10
纪录片,10
剧情,10
诗词,10
打卡挑战,10
社会,10
李大钊,10
奔月,9
写作,9
高考,9
正能量,8
生活,8
电视剧,8
哲学,8
古风,8
陈独秀,8
经验分享,7
电影,7
白雪公主,7
高中语文,7
高中,7
历史人文档案馆,7
新青年,7
作家,7
AI,7
孔乙己,7
露脐装,7
肚脐,7
寻找100个宝藏vlogger,7
英语,6
钱理群,6
AI剧情大片,6
讲座,6
讽刺,6
课件,6
睡前故事,6
知识,6
思想,6
书籍,6
校园,6
请回答这个时代,6
传统文化,6
寓言故事新编,6
低腰裤,6
习作：故事新编,6
高考后必做的100件事,6
初中语文,6
热血,5
书籍分享,5
童话,5
现代文学,5
微电影,5
教学视频,5
老师,5
四年级,5
神话故事,5
话剧,5
情感,5
寓言故事,5
原创动画,5
我在B站拍短剧·夏日剧场,5
人生,5
朗读,5
双女主,5
剪辑,5
女性力量,5
嫦娥,5
后羿,5
祥林嫂,5
批判,5
名著解读,5
绍兴,5
近代史,5
神剧,5
觉醒年代reaction,5
新文化,5
胡适,5
故事档案馆,4
2024高考季,4
女娲,4
新课标,4
学习心得,4
大学生,4
学习UP在B站 · 第2期,4
动画种草激励计划,4
影视神仙剪刀手,4
人教版,4
AIGC,4
解读,4
搞笑小剧场,4
人文历史,4
科普小剧场开课啦,4
彷徨,4
野草,4
B站AI创作大赛,4
短篇小说,4
自制,4
学生作品,4
国漫,4
动漫杂谈,4
爱情,4
RPG,4
CCW Game Jam,4
turbowarp,4
GameJam,4
scratch,4
复刻,4
作品,4
国产,4
摄影,4
女性,4
脑洞成语,4
AI启蒙动画创作大赛,4
历史冷知识,4
亲子阅读,4
成语新编,4
成语故事,4
诗歌,4
催眠专用,4
祝福,4
爱国,4
混剪,4
青年,4
学术,4
语录,4
上海,4
文学解读,4
鲁迅美术学院,4
人文历史档案馆2.0,3
北京大学,3
深度解读,3
采薇,3
眉间尺,3
复仇,3
现实,3
优映文化,3
四下语文,3
抽象,3
演讲,3
课堂实录,3
教科书,3
白嫖,3
资源,3
考据,3
小学生,3
有声读物,3
赣州市,3
江西省,3
章贡区,3
起死,3
历史人文档案馆2022第二季,3
庄子,3
听书,3
水浒传,3
新人,3
西游记,3
我在B站做UP主,3
宝藏知识UP跃迁计划,3
国产动画,3
老子,3
书摘,3
采访,3
说唱,3
治愈,3
寓言,3
高能,3
助眠,3
经典老歌,3
音乐分享官,3
人物故事,3
下册,3
英文动画,3
英语启蒙,3
原版,3
七个小矮人,3
英语学习,3
《故事新编》,3
幽默,3
现当代文学,3
中国文学,3
许子东,3
随手记录我的生活碎片,3
考研,3
文学考研,3
冬日读书会,3
非攻,3
CCTV,3
中考名著,3
狗猫鼠,3
把兴趣玩出名堂,3
豆包,3
UP！新学期,3
散文,3
先生,3
怀旧,3
闰土,3
余华,3
杂文,3
鲁迅故居,3
初中必读名著,3
手写,3
了不起的旅行家,3
旅游,3
鲁迅骂人有多狠,3
鲁美,3
文摘,3
论文,3
热风,3
五年级上册,2
自用,2
读书UP主安利,2
深度解说,2
戏剧,2
AI短片,2
国风AI,2
舞台剧,2
中式美学,2
多多读书月,2
《新守株待兔》,2
三王墓,2
硬核财经研究所,2
女性成长,2
独立女性,2
人间清醒,2
我的私人书单,2
书荒推荐,2
文学经典,2
睡前阅读,2
必读书单,2
小说推荐,2
示范课,2
名师,2
脑洞,2
写作技巧,2
职场,2
读一读你在看的书,2
高长虹,2
微课,2
逐字稿,2
模拟题,2
学习帮帮团,2
广东,2
二模,2
教案,2
人工智能,2
故事新编：龟兔赛跑,2
四年级语文,2
初中,2
外卖,2
书籍推荐,2
智慧,2
童年,2
一等奖,2
超嗨挑战联盟,2
一起记录2022,2
鲁迅文集,2
2024读书日,2
423读书日,2
校园学习,2
高中生,2
作文素材,2
鲁迅研究,2
抄书打卡,2
金句摘抄,2
bilibili高考季,2
高考语文,2
现代文阅读,2
老师来解惑,2
孔子,2
红楼梦,2
原创音乐,2
获奖,2
知识研究所,2
《鲁迅传》,2
董宇辉,2
董宇辉讲鲁迅,2
访谈,2
分享人文历史,2
读后感,2
牛郎织女,2
社科人文分享官·第二期,2
老师的书单分享,2
经典朗诵,2
志怪,2
国学,2
电子书资源分享,2
同人,2
音乐,2
女娲补天,2
大禹治水,2
热风集、华盖集、而已集,2
呐喊、彷徨、故事新编,2
高中语文备课,2
民族魂,2
反转,2
UP主原创剧场,2
爽文,2
崩坏：星穹铁道创作者激励计划,2
游戏杂谈,2
动漫剪辑赏金猎人,2
再见菈菈,2
杂谈,2
#古装整活,2
#经典故事新编,2
#另类视角,2
视角,2
共创世界游戏果酱,2
共创世界,2
gandi,2
香港,2
游戏,2
像素风,2
野生动物,2
早读拾光,2
创意,2
一人一首,2
影视音乐,2
成名曲,2
流行音乐,2
百听不厌,2
洗脑,2
影视金曲,2
流行歌曲,2
名场面,2
Ai原创动画,2
神话新编,2
国风动漫,2
分享我的专业知识,2
同步作文,2
优秀作文,2
街拍,2
AI动画创作挑战,2
炸酱面,2
社会观察局,2
历史解读,2
文学大家,2
民国文人,2
名人趣事,2
近代历史,2
悬疑,2
儿童故事,2
补天,2
鲁迅杂文,2
有声演播,2
文学常识,2
文学小说,2
书单,2
suno ai,2
中国现代文学史,2
细读鲁迅,2
动漫资讯,2
漫画,2
音乐剧,2
课文,2
星海,2
高燃,2
精神,2
宝藏vlogger请报道,2
六年级,2
一生,2
CCTV-10,2
探索发现,2
名著拆书,2
朝花夕拾知识点,2
七年级名著,2
名著导读,2
七年级,2
我的读书记录,2
晒晒今天读的书,2
鬼畜,2
摘抄,2
中国现代文学,2
九月创作打卡,2
且介亭杂文,2
最强安利王,2
五四运动,2
人物传记,2
科普,2
藤野先生,2
时代,2
教材,2
民国,2
名人故事,2
国学经典,2
纪实,2
趣味科普人文,2
好书分享,2
原创歌曲,2
视频播客,2
文艺理论,2
张旭东,2
初中语文studio,2
张爱玲,2
星尘,2
鲁迅先生,2
星尘Infinity,2
中华民族,2
阿Q正传,2
大学,2
中式教育,2
三角洲行动,2
豪庭,2
全能音乐挑战赛,2
神曲,2
耍把戏,2
DJ版,2
文章,2
鲁迅公园,2
绘画,2
王计兵,2
诗人,2
美术生,2
鲁美开学,2
鲁美新生群,2
沙雕,2
确是我说的,2
戏曲,2
越剧,2
女王,2
方亚芬,2
上海越剧院,2
龟兔赛跑,1
国产志怪,1
宋定伯捉鬼,1
小清新,1
YOUTUBE,1
唯美,1
在驿站,1
毛骗,1
AI赋能助力教学,1
赛课一等奖,1
任务群,1
教学,1
教师公招,1
2021一起学习,1
赛课,1
公招,1
月球,1
万户,1
资讯直通车4.0,1
政媒扶持计划,1
航天,1
太空,1
火箭,1
《新坐井观天》,1
医学,1
医学生,1
剧场,1
思维逻辑,1
夸父逐日,1
山海经,1
原神UP主激励计划,1
领导干部,1
公务员,1
企业,1
领导,1
B站创意话题大赏2.0,1
名师课堂,1
课例展示,1
教学实录,1
暑假一起来整活！,1
习作故事新编,1
PPT课件,1
说课稿,1
精品课,1
《新狐假虎威》,1
实录,1
优质公开课,1
民间,1
百分百万象季,1
当代艺术,1
雕塑,1
拉开2021好神气,1
2021致创新先行者,1
云宝的口袋视界,1
华为云,1
高分作文素材,1
射雕英雄传,1
爸爸,1
趣事,1
用知识过好新的一年,1
童年趣事,1
《新龟兔赛跑》,1
故事新编习作课,1
故事新编备课,1
故事新编课件,1
故事新编公开课,1
《新亡羊补牢》,1
宝妈宝爸育儿,1
宝宝成长,1
育儿早教,1
小故事大道理,1
绘本故事,1
守株待兔故事新编,1
亲子睡前故事,1
四年级第八单元写作,1
四年级单元作文,1
爱文馆,1
课后作文,1
心理观察室,1
巴别塔,1
NEXTGEN高校AIGC创作大赛,1
可灵AI高校原力计划,1
可灵,1
秦朝,1
窦文涛,1
健康,1
脱口秀,1
UP 小剧场 3.0,1
死亡诗社,1
《给阿嬷的情书》,1
都柏林人,1
百年孤独,1
新手教师,1
语文老师,1
开头,1
新手,1
看图写话,1
儿童,1
春天,1
素养,1
学生,1
王德峰,1
中国文化,1
悲剧,1
范文,1
写作方法,1
方法,1
哔须有此行,1
旅行攻略UP主激励计划,1
全民制作人,1
制作人,1
全国,1
名词,1
《愚公移山后续》,1
小升初,1
起跑戏剧,1
乌镇戏剧节,1
导演,1
语文公开课,1
二次元,1
2021读书日,1
影视IP观察室,1
出关,1
小学教育,1
赣教云,1
新课标示范课,1
惊艳,1
冷门书,1
鲁迅文学为何仍有阅读价值?,1
喵星人,1
AI萌宠故事,1
老高考,1
高考真题,1
汇编,1
2011,1
高考数学,1
数学,1
国风,1
上B站看播客,1
传统启蒙,1
杞人忧天,1
小故事,1
成语,1
演示视频,1
新編分類夷堅志,1
emo,1
中文说唱,1
嘻哈,1
EP,1
格局,1
男士,1
赵雅芝,1
白素贞,1
许仙,1
男人,1
毕业季情感答案之书,1
左右不是人,1
蝙蝠,1
雲天酒馆,1
伏云天,1
颛顼绝地天通,1
共工怒触不周山,1
区娘子,1
牢角色,1
曲娘,1
鬃毛邮报,1
重返未来1999同人二创,1
维尔汀,1
露西,1
第三单元习作,1
五上语文,1
古诗,1
以闪亮之名创作者激励,1
穿搭,1
七夕,1
中国风,1
织女,1
配音,1
泛式,1
再见拉拉,1
直播切片,1
小出卓史,1
超展开,1
七月新番,1
瓶子君152,1
人鱼,1
百合,1
新番,1
bilibili次元论战,1
创作解析,1
少女歌剧,1
UP动画剧场,1
超时空辉夜姬,1
电气目录,1
辉夜姬物语,1
菈菈,1
古风虐恋,1
原耽,1
双男主,1
男男,1
纯爱,1
伤感,1
虐心,1
#梁山伯与祝英台,1
#装吧你就,1
#孔融让梨,1
#看一遍笑一遍,1
文言文,1
三年级上册,1
司马光,1
虚拟偶像,1
VUP虚拟日常,1
冰糖,1
中文音声,1
三酉酒,1
哄睡,1
安静,1
英雄故事,1
兴趣,1
成龙,1
纯音乐,1
键盘,1
演奏,1
自娱自乐,1
弹琴,1
芜湖起飞,1
无人区,1
生命,1
浪漫,1
鬼故事,1
恐怖,1
蜘蛛精,1
孙悟空,1
旅行日记,1
动画电影,1
传统新编,1
文化解构,1
神话改编,1
中国神话,1
八仙,1
火影忍者手游,1
粤语歌,1
虚拟,1
制作,1
动画片段,1
新编三十六计全书（全36册）,1
谋略,1
葬送的芙莉莲,1
文学解析,1
屠龙少年,1
灰姑娘,1
女性故事,1
女本位,1
WhjteDfly,1
AI动画短片,1
睡前故事，儿童故事,1
298142,1
2026IVL夏季赛,1
hybq,1
第五人格赛事,1
伯千,1
Alex,1
爱丽,1
动漫re,1
骑士,1
动漫二创激励计划,1
reaction,1
蕾姆,1
从零开始的异世界生活,1
仅此而已,1
点播,1
异世界,1
灶神小灶,1
薛宝琴,1
天庭系列,1
想象作文,1
兄弟,1
潘金莲,1
武松,1
电影解说,1
唐玄宗,1
唐朝,1
杨贵妃,1
爱祥,1
webgal,1
mygo,1
丰川祥子,1
千早爱音,1
bangdream,1
宋江,1
办公室,1
B站短片创作新浪潮,1
短电影,1
群像,1
花木兰,1
定格动画,1
少年逐蛟,1
端午短片,1
AI动画,1
国风神话,1
国风动画,1
端午节,1
疯狂动物城,1
朱迪和尼克,1
晚安,1
放松,1
动漫,1
同人故事新编,1
鬼灭之刃,1
传统故事新编,1
聊斋志异,1
童年阴影,1
三国,1
四年级下册第八单元,1
5星学霸同步作文,1
四下第八单元,1
要提优用学霸,1
经纶学霸,1
四下作文,1
四年级下册语文,1
CP,1
AI演绎小剧场,1
魔改,1
肌肉,1
北大施施老师作文,1
北大施施老师直播课,1
北大施施老师语文,1
北大施施老师阅读理解,1
北大施施老师,1
荆棘城堡,1
睡美人,1
海龟汤,1
推理,1
侦探,1
四年级语文下册预习,1
#四年级语文下册,1
助眠助眠助眠,1
细思极恐,1
诡异,1
悬疑故事,1
周德东,1
有声故事,1
心理恐怖,1
短小精悍,1
有声,1
儿童绘本,1
绘本,1
大赛,1
今天来谈女性力量,1
西施,1
表达类教学,1
作文教学,1
经典故事新编,1
龟兔赛跑手抄报,1
绘本线稿,1
龟兔赛跑故事新编,1
龟兔赛跑连环画,1
龟兔赛跑新编,1
xmmada.cn,1
熊猫马达手抄报,1
熊猫马达,1
新龟兔赛跑,1
第八单元,1
知识的力量,1
北大崔老师,1
知识对谈录,1
考试,1
皇姑寺,1
智化寺,1
明史,1
涨知识,1
热门,1
作文方法,1
森林好朋友,1
狐狸与葡萄,1
亲子故事,1
绘本动画,1
短文分享,1
朗诵,1
夏日读书会,1
诵读,1
大禹,1
理水,1
跟着学就对了,1
《呐喊》,1
《祝福》,1
《彷徨》,1
大学语文,1
专升本大学语文,1
读书向,1
读书推荐,1
史航,1
中秋,1
sora,1
520撒狗粮挑战,1
B站不停学,1
秋日读书会,1
音乐研究所,1
音乐分享官第十期,1
真题解析,1
考研复习,1
广西师大,1
考研真题解析,1
文学评论写作,1
评论写作,1
觉醒,1
推荐,1
跃动的文字第五期,1
文字动起来了,1
深度,1
PV,1
漫画推荐,1
动态漫画,1
腾讯动漫,1
漫改,1
官员,1
群众,1
庄周,1
剧本朗读,1
从百草园到三味书屋,1
墨家,1
抗日,1
反战,1
动画短片群星计划,1
手书,1
武侠,1
吐槽,1
生活万花筒·普通生活日志,1
我的普通生活不普通,1
药,1
卡车,1
播客,1
杨小墓,1
什么玩艺,1
B站辩论季,1
纪录片属于世界的鲁迅,1
预告片,1
跃动的文字,1
讲个小故事,1
公输般,1
十一创作大挑战,1
文学性阅读,1
定格身边的小美好,1
定格身边的小美好 第二期,1
PDF,1
电子版,1
鲁迅电子版,1
宣传片,1
影视未来星企划,1
青春,1
电影剪辑,1
猎奇？,1
转盘,1
大转盘小决定,1
一人分饰多角,1
野草集,1
金句摘录,1
社会人文,1
鬼畜星探企划,1
蔡徐坤,1
热梗,1
杰哥,1
年终回顾,1
小黑子,1
十一不断更计划,1
2024年书单,1
不长不短的下饭视频,1
读书区up,1
冯内古特,1
上海鲁迅纪念馆,1
读书给我加能量,1
鲁迅文学怎么写,1
乞丐,1
2023年度知识盘点,1
2023热门年度盘点,1
B站宝藏媒体人2023,1
聊城一中,1
日常,1
十二月创作计划,1
当马克思遇见孔子,1
雨鹿菌沾,1
天上掉下个林妹妹,1
表情菌,1
云中鹿饮溪,1
直播录屏,1
讽刺故事,1
传记,1
一口气看,1
一口气看完,1
那些年刻在脑子里的台词和画面,1
悬溺,1
革命先烈,1
传奇,1
鬼畜调教,1
原创曲,1
曹磊,1
历史伟人,1
发光吧！有为青年,1
百万填词,1
纪念,1
迅哥,1
起风了,1
狂人,1
秋日影视大赏·影视回忆杀,1
名著经典地必读,1
七年级必读,1
睡前听书,1
现代散文,1
人人都能聊影视,1
万字拉片大赛,1
第一人称,1
王家卫,1
万物研究所·奖学金计划,1
中华文化,1
狂人日記,1
魯迅,1
梁文道,1
铁屋子,1
趣味,1
趣味动画,1
动画故事,1
国学动画,1
名人,1
中华,1
外研社,1
中国人物,1
国才杯,1
英语短视频大赛,1
影像,1
科普纪录,1
自然,1
匠人,1
手艺,1
百家讲坛,1
孔庆东,1
-xk-星空-,1
了解,1
一分钟,1
民族,1
生前,1
初中名著阅读,1
鲁迅名言,1
RAP,1
我们都爱搞学习,1
2026读书日,1
刘旸教主,1
喜剧,1
刘震云,1
罗翔,1
相遇,1
35岁,1
活字文化,1
中国现当代文学,1
美学,1
纽约大学,1
初中必读经典,1
高中必读经典,1
精读,1
万物研究所·夏日探索计划,1
UP主粉丝成就奖,1
七年级上册必读名著,1
中学生必读名著,1
语文学习,1
动感视频,1
阿Q精神,1
李敖,1
台湾,1
攻略,1
诗经,1
倾城之恋,1
B有我师,1
国民性,1
五维介质,1
中文填词,1
原口沙輔,1
SythesizerV,1
イガク,1
凤凰大视野,1
于右任,1
民国先生,1
王云五,1
司徒雷登,1
凤凰卫视中文台,1
记忆,1
科教频道,1
中考,1
希望,1
神仙剪刀手3.0,1
新中国,1
blender,1
三渲二,1
版画,1
Blender,1
动画嘉年华-3D动画场,1
读书笔记,1
暑假读书会,1
2025高考季,1
黄金时代,1
汤唯,1
萧红,1
跟着UP主创作吧（第二期）,1
最值得一看的电影,1
陈延年,1
嗵嗵,1
脑洞乌托邦,1
夏日好剧安利,1
建党节,1
成长史,1
北京师范大学,1
上海交通大学,1
音乐会,1
音乐剧鲁迅,1
重复叙事,1
忘川风华录,1
Synthesizer V,1
2023虚拟歌手贺岁纪,1
破云来,1
二创,1
GO学长整个活,1
影视电子榨菜园,1
句子,1
文字,1
二十四孝图,1
文学家,1
bilibili人文季,1
台词,1
优酷二创挖宝计划,1
明日方舟创作者应援计划,1
明日方舟UP主应援计划–崔林特尔梅之金,1
七年级上册语文,1
贝果造课局,1
名著课件,1
中考语文,1
名著考点,1
语文课件,1
人民叫师,1
张超,1
文艺,1
新大众文艺,1
新华社,1
育儿,1
中华历史,1
请回答这个时代3.0,1
亲子关系,1
原生家庭,1
父母,1
孝道,1
温儒敏,1
名家,1
中国语言文学,1
研究,1
b站讲台等你来,1
自考本科,1
经典好剧考古安利,1
影娱新春游园会,1
超燃混剪,1
用文学探索世界,1
史图馆,1
中国历史,1
读书等身,1
甜食,1
牙齿,1
为了忘却的记念,1
记念刘和珍君,1
新学期，多点新知识！,1
励志,1
林黛玉,1
中文,1
社科人文分享官,1
云社相声,1
通话膨胀,1
名著阅读,1
鲁迅文学,1
有声剧,1
影视剪影,1
五四,1
共青团,1
慕课,1
十五讲,1
中国革命,1
射击游戏,1
FPS,1
剑来Genlay,1
三角洲二周年快乐,1
三角洲欢乐剧场,1
洲树人,1
讽刺社会,1
青年抑郁,1
互联网舆论,1
游戏防沉迷,1
文化自信,1
大山,1
DJ,1
硬笔书法,1
行楷,1
钢笔,1
练字,1
书法,1
坚持,1
shadow,1
游戏集锦,1
电子竞技,1
第一视角,1
暗改,1
玩家,1
独白,1
#严顺开,1
#高清修复完整版,1
段子,1
术曲,1
术力口,1
玄易学社,1
古籍悦读,1
庄子解读,1
古籍解读,1
秦一博,1
南京,1
单曲循环,1
纯享版,1
鞍山新村,1
杨浦,1
公交车,1
周樟寿,1
画画画画画,1
插图,1
课本,1
鲁迅小说全集,1
木成讲故事,1
配音木成,1
木成,1
隐士,1
人性,1
千古,1
#鲁迅的生活,1
#民国吃家,1
#鲁迅吃奶油蛋糕,1
#人物故事,1
#美食,1
#极简插画,1
#成年人的精神状态,1
#读书笔记,1
画师热点情报站,1
bilibilionly同人扶持计划,1
绘画过程,1
手绘,1
上海公交车,1
上海公交,1
资讯播客会客厅,1
师恩难忘,1
教师节,1
i人,1
手写信,1
明信片,1
表白,1
纯音乐创作日记,1
豫剧,1
中国戏曲,1
地方戏,1
河南,1
厦门大学,1
先生大义,1
人血馒头,1
封建社会,1
经典语录,1
恽铁樵,1
温病,1
桂枝汤,1
伤寒论,1
听泉,1
徐志摩,1
东北,1
艺考市场,1
美院教学,1
艺考改革,1
艺考培训,1
美院,1
艺考,1
街头采访,1
热点新闻事件,1
后母戊鼎,1
司母戊鼎,1
字节,1
历史影像,1
老视频,1
八年级语文,1
vlog,1
黄酒,1
美食,1
旅行,1
第一深情,1
作者,1
深情,1
上海文学馆,1
城市更新,1
老建筑,1
四川北路,1
街景,1
房地产,1
南腔北调集,1
沙,1
兰亭序,1
葫芦娃爷爷,1
绍兴旅游,1
鲁迅故里,1
绝区零UP主激励计划,1
崩坏：星穹铁道,1
圣杯战争,1
匹诺康尼,1
fate,1
开拓者,1
海虎,1
VS,1
中国万岁,1
狗獾,1
流浪猫,1
动物世界,1
动物,1
猫,1
昭昭文学考研带背,1
文学考研真题,1
考研带背,1
汉语言文学考研,1
switch2,1
猎巫,1
BAN机,1
主机游戏,1
NS2,1
心理,1
任天堂,1
咕咕嘎嘎,1
上海citywalk,1
小墨墨说上海,1
海派城市考古,1
万国公墓,1
宋庆龄陵园,1
马相伯,1
谢晋元,1
网络,1
现象,1
吃人,1
现代,1
故乡,1
密码,1
#鲁迅杂文选 #社会发展史 #中国近代简史,1
#青年自学丛书 #上海人民出版社 #70年代老书,1
年代,1
绝版,1
70年代,1
知青,1
外国也有,1
蒋光慈,1
网左,1
左翼文学,1
瞿秋白,1
左翼,1
思考,1
四大名著,1
领域,1
艺术家,1
美术,1
谷歌生草机,1
初中课文,1
谷歌翻译,1
新生,1
中年,1
高能量自律,1
星宇股份,1
宝藏播客电台,1
大学生就业,1
人才,1
初稿,1
ai率,1
降ai,1
查重,1
指令,1
文献综述,1
降重,1
开题报告,1
毕业论文,1
未有天才之前,1
书籍/电子书/pdf,1
嵇康集,1
夸克网盘资源,1
中国小说史略,1
金允植,1
中医,1
骗子,1
三角洲二洲年快乐,1
明朝,1
洪武型制度,1
社会原子化,1
秦制,1
自由派,1
王安石,1
衡水中学,1
我在B站写诗,1
创作灵感,1
写诗,1
家书,1
鲁迅 周树人,1
图像小说,1
随感录,1
经历,1
脱下长衫,1
学历内卷,1
读书人,1
学历,1
华语现场,1
音乐现场,1
开口跪,1
LIVE,1
歌曲,1
现场,1
金志文,1
收藏,1
古钱币爱好者的朋友圈,1
古钱,1
古钱币,1
钱币,1
古玩,1
魏士毅,1
陈燮,1
三一八惨案,1
刘和珍,1
段祺瑞,1
冯玉祥,1
FLASH,1
书圣故里,1
旅行VLOG,1
茴香豆,1
游玩,1
降aigc率,1
AI检测,1
论文初稿,1
论文格式,1
论文降重,1
护眼模式,1
BOOK思异跨学科,1
活动,1
十级学者影视详解,1
第九届鲁迅文学奖,1
班宇,1
火柴人战争,1
葫芦爷爷,1
葫芦,1
事件,1
糕点,1
风味美食图鉴,1
非遗美食,1
伦教糕,1
顺德美食,1
广东美食,1
探店,1
跳无常,1
新昌调腔,1
女吊,1
新文化运动,1
漫长的季节,1
忆情,1
获奖作品,1
萌宠UP主加更计划,1
枣树,1
背书,1
朱自清,1
UP主,1
新生群,1
大连鲁美,1
雷佳,1
女高音,1
普通人写作,1
低处飞行,1
鲁迅文学奖,1
外卖员,1
假期,1
暑假,1
开学,1
世界杯,1
