para_id,story_id,篇名,para_no,text
01-P001,1,补天,1,女娲忽然醒来了。
01-P002,1,补天,2,伊似乎是从梦中惊醒的，然而已经记不清做了什么梦；只是很噢恼，觉得有什么不足，又觉得有什么太多了。煽动的和风，暖的将伊的气力吹得弥漫在宇宙里。
01-P003,1,补天,3,伊揉一揉自已的眼睛。
01-P004,1,补天,4,"粉红的天空中,曲曲折折的漂着许多条石绿色的浮云，星便在那后面忽明忽灭的映眼。天边的血红的云彩里有一个光芒四射的太阳，,如流动的金球包在荒古的熔岩中；那一边，却是一个生铁一般的冷而且白的月亮。然而伊并不理会谁是下去，和谁是上来。"
01-P005,1,补天,5,地上都嫩绿了，便是不很换叶的松柏也显得格外的娇嫩。桃红和青白色的斗大的杂花，在眼前还分明，到远处可就成为斑斓的烟了。
01-P006,1,补天,6,“喉喉，我从来没有这样的无聊过！”伊想着，猛然间站立起来了，擎上那非常圆满而精力洋溢的臂膊，向天打一个欠伸，天空便突然失了色，化为神异的肉红，暂时再也辨不出伊所在的处所。
01-P007,1,补天,7,伊在这肉红色的天地间走到海边，全身的曲线都消融在淡玫瑰似的光海里，直到身中央才浓成-段纯白。波涛都惊异，起伏得很有秩序了，然而浪花溅在伊身上。这纯白的影子在海水里动摇，仿佛全体都正在四面八方的进散。但伊自已并没有见，只是不由的跪下一足，伸手掬起带水的软泥来，同时又揉捏几回，便有一个和自已差不多的小东西在两手里。
01-P008,1,补天,8,“阿，阿！”伊固然以为是自已做的，但也疑心这东西就白薯似的原在泥士里，禁不住很异了。
01-P009,1,补天,9,"然而这谣异使伊喜欢，以未曾有的勇往和愉快继续着伊的事业,呼吸吹嘘着,汗混和着"
01-P010,1,补天,10,“Nga!nga!”那些小东西可是叫起来了。
01-P011,1,补天,11,"“阿,阿！”伊又吃了惊，觉得全身的毛孔中无不有什么东西飞散，于是地上便罩满了乳白色的烟云，伊才定了神，那些小东西也住了口。"
01-P012,1,补天,12,“Akon，Agon!”有些东西向伊说。
01-P013,1,补天,13,“阿阿，可爱的宝贝。”伊看定他们，伸出带着泥土的手指去拔他肥白的脸。
01-P014,1,补天,14,"“Uvu,Ahaha!”他们笑了。这是伊第-回在天地间看见的笑，于是自己也第一回笑得合不上嘴唇来。"
01-P015,1,补天,15,伊一面抚弄他们，一一面还是做，被做的都在伊的身边打圈阖，但他们渐渐的走得远，说得多了，伊也渐渐的懂不得，只觉得耳朵边满是噜杂的，得颇有些头昏。
01-P016,1,补天,16,"伊在长久的欢喜中,早已带着疲乏了。几乎吹完了呼吸，流完了汗，而况又头昏，两眼便蒙胧起来，两颊也渐渐的发了热，自已觉得无所谓了，而且不耐烦。然而伊还是照旧的不歇手，不自觉的只是做。"
01-P017,1,补天,17,"终于，腰腿的酸痛逼得伊站立起来，倚在一座较为光滑的高山上，仰面一看，满天是鱼鳞样的白云，下面则是黑压压的浓绿。伊自已也不知道怎样，总觉得左右不如意了，便焦躁的伸出手去，信手拉,拔起一株从山上长到天边的紫藤，一房一房的刚开着大不可言的紫花，伊一挥，那藤便横搭在地面上，遍地散满了半紫半白的花瓣，"
01-P018,1,补天,18,"伊接着一摆手,紫藤便在泥和水里一翻身，同时也溅出拌着水的泥土来，待到落在地上，就成了许多伊先前做过了一般的小东西，只是大半呆头呆脑,獐头鼠目的有些讨厌。然而伊不暇理会这等事了，单是有趣而且烦躁,夹着恶作剧的将手只是抢，愈抢愈飞速了,那藤便拖泥带水的在地上滚，像一条给沸水烫伤了的赤练蛇。泥点也就暴雨似的从藤身上飞溅开来，还在空中便成了哇哇地筛哭的小东西，爬来爬去的撒得满地。"
01-P019,1,补天,19,伊近于失神了，更其抢，但是不独腰腿痛，连两条臂膊也都乏了力，伊于是不由的下身子去，将头靠着高山，头发漆黑的搭在山顶上，喘息回之后，叹一口气，两眼就合上了。紫藤从伊的手里落了下来，也困顿不堪似的懒洋洋的躺在地面上。
01-P020,1,补天,20,轰！！!
01-P021,1,补天,21,"在这天崩地塌价的声音中，女娲猛然醒来，同时也就向东南方直溜下去了。5]伊伸了脚想踏住,然而什么也端不到,连忙一舒臂住了山峰，这才没有再向下滑的形势。"
01-P022,1,补天,22,"但伊又觉得水和沙石都从背后向伊头上和身边滚泼过去了，略一回头，便灌了一口和两耳朵的水，伊赶紧低了头，又只见地面不住的动摇。幸而这动摇也似乎平静下去了，伊向后一移，坐稳了身子,这才挪出手来拭去额角上和眼晴边的水，细看是怎样的情形。"
01-P023,1,补天,23,情形很不清楚，遍地是瀑布般的流水；大概是海里罢，有几处更站起很尖的波浪来。伊只得呆呆的等着。
01-P024,1,补天,24,可是终于大平静了，大波不过高如从前的山，像是陆地的处所便露出棱棱的石骨。伊正向海上看，只见几座山奔流过来，一面又在波浪堆里打旋子。伊恐怕那些山碰了自己的脚，便伸手将他们摄住，望那山坳里，还伏着许多未曾见过的东西。
01-P025,1,补天,25,"伊将手一缩,拉近山来仔细的看，只见那些东西旁边的地上吐得很狼藉，似乎是金玉的粉末,又夹杂些嚼碎的松柏叶和鱼肉。他们也慢慢的陆续抬起头来了，女娲圆了眼睛，好容易才省悟到这便是自已先前所做的小东西，只是怪模怪白的毛毛了，虽然被海水粘得像一片尖尖的白杨叶。"
01-P026,1,补天,26,“阿，阿！”伊饦异而且害怕的叫，皮肤上都起粟，就像触着一支毛刺虫。
01-P027,1,补天,27,“上真救命·….”一个脸的下半截长着白毛的昂了头，一面呕吐，一面断断续续的说，“救命·…·臣等是学仙的。谁料坏劫到来，天地分崩了。现在幸而····遇到上真，·请救蚁命，并赐仙··仙药.”他于是将头一起一落的做出异样的举动。
01-P028,1,补天,28,伊都茫然，只得又说，“什么？”
01-P029,1,补天,29,"他们中的许多也都开口了，一样的是一面呕吐，一面“上真上真”的只是，接着又都做出异样的举动。伊被他们闹得心烦，颇后悔这一拉,竟至于惹了莫名其妙的祸。伊无法可想的向四处看,便看见有一队巨鳌正在海面上游玩,伊不由的喜出望外了，立刻将那些山都搁在他们的脊梁上，瞩道，“给我驼到平稳点的地方去罢！”巨鳌们似乎点一点头，成群结队的驼远了。可是先前拉得过于猛，以致从山上摔下一个脸有白毛的来，此时赶不上，又不会鬼水，便伏在海边自已打嘴巴。这倒使女娲觉得可怜了，然而也不管，因为伊实在也没有工夫来管这些事。"
01-P030,1,补天,30,"伊嘘一口气，心地较为轻松了，再转过眼光来看自已的身边，流水已经退得不少,处处也露出广阔的土石，石缝里又嵌着许多东西,有的是直挺挺的了,有的却还在动。伊臀见有一个正在白着眼睛呆看伊；那是遍身多用铁片包起来的，脸上的神情似乎很失望而且害怕。"
01-P031,1,补天,31,“那是怎么一回事呢？伊顺便的问。
01-P032,1,补天,32,“鸣呼，天降丧。”那一个便凄凉可怜的说，“颛项不道，抗
01-P033,1,补天,33,“什么？”伊向来没有听过这类话，非常饦异了。
01-P034,1,补天,34,"“我师反走，我后爱以厥首触不周之山,折天柱，绝地维,我后亦落。鸣呼,是实惟”"
01-P035,1,补天,35,“够了够了，我不懂你的意思。”伊转过脸去了，却又看见个高兴而且骄傲的脸，也多用铁片包了全身的。
01-P036,1,补天,36,“那是怎么一回事呢？”伊到此时才知道这些小东西竟会变这么花样不同的脸，所以也想问出别样的可懂的答话来。
01-P037,1,补天,37,“人心不舌，康回实有家心，觀天位，我后躬行天讨，战于
01-P038,1,补天,38,“什么？”伊大约仍然没有懂。
01-P039,1,补天,39,“人心不古，…·…”
01-P040,1,补天,40,"“够了够了，又是这一套！”伊气得从两颊立刻红到耳根，火速背转头，另外去寻觅，好容易才看见一个不包铁片的东西，身子精光,带着伤痕还在流血，只是腰间却也围着一块破布片。他正从别一个直挺挺的东西的腰间解下那破布来，慌忙系上自己的腰，但神色倒也很平淡。"
01-P041,1,补天,41,伊料想他和包铁片的那些是别一种，应该可以探出一些头绪了，便问道：
01-P042,1,补天,42,“那是怎么一回事昵？”
01-P043,1,补天,43,“那是怎么一回事阿。”他略一抬头，说。
01-P044,1,补天,44,“那刚才闹出来的是？
01-P045,1,补天,45,“那刚才闹出来的么？”
01-P046,1,补天,46,“是打仗罢？”伊没有法，只好自己来猜测了。
01-P047,1,补天,47,“打仗罢？”然而他也问。
01-P048,1,补天,48,"女娲倒抽了口冷气，同时也仰了脸去看天。天上一条大裂纹,非常深,也非常阔。伊站起来,用指甲去一弹，一点不清脆，竟和破碗的声音相差无几了。伊皱着眉心，向四面察看一番，又想了一会,便拧去头发里的水,分开了搭在左右肩膀上，打起精神来向各处拔芦柴：伊已经打定了“修补起来再说”的主意了。"
01-P049,1,补天,49,伊从此日日夜夜堆芦柴，柴堆高多少，伊也就瘦多少，因为情形不比先前，一一仰面是歪斜开裂的天，低头是龈破烂的地，毫没有一些可以赏心悦目的东西了。
01-P050,1,补天,50,"芦柴堆到裂口，伊才去寻青石头。当初本想用和天一色的纯青石的，然而地上没有这么多，大山又舍不得用，有时到热闹处所去寻些零碎，看见的又冷笑，痛骂，或者抢回去，甚而至于还咬伊的手。伊于是只好些白石，再不够，便凑上些红黄的和灰黑的,后来总算将就的填满了裂口，止要一点火，一熔化，事情便完成，然而伊也累得眼花耳响，支持不住了。"
01-P051,1,补天,51,“喉喉，我从来没有这样的无聊过。”伊坐在一座山顶上，两手捧着头，上气不接下气的说。
01-P052,1,补天,52,这时昆仑山上的古森林的大火还没有熄，西边的天际都通红。伊向西一，决计从那里拿过一株带火的大树来点芦柴积，正要伸手，又觉得脚趾上有什么东西刺着了。
01-P053,1,补天,53,"伊顺下眼去看，照例是先前所做的小东西，然而更异样了，累累坠坠的用什么布似的东西挂了→身，腰间又格外挂上十几条布，头上也罩着些不知什么，顶上是一块乌黑的小小的长方板,手里拿着一片物件,刺伊脚趾的便是这东西。"
01-P054,1,补天,54,那顶着长方板的却偏站在女娲的两腿之间向上看，见伊一顺眼，便仓皇的将那小片递上来了。伊接过来看时，是条很光滑的青竹片，上面还有两行黑色的细点，比榭树叶上的黑斑小得多。伊倒也很佩服这手段的细巧。
01-P055,1,补天,55,“这是什么？”伊还不免于好奇，又忍不住要问了。
01-P056,1,补天,56,"顶长方板的便指着竹片，背诵如流的说道，“裸程淫，失德蔑礼败度，禽兽行。国有常刑,惟禁！”"
01-P057,1,补天,57,女娲对那小方板瞪了一眼，倒暗笑自已问得太悖了，伊本已知道和这类东西扳谈，照例是说不通的，于是不再开口，随手将竹片搁在那头顶上面的方板上，回手便从火树林里抽出一株烧着的大树来，要向芦柴堆上去点火。
01-P058,1,补天,58,"忽而听到鸣鸣咽咽的声音了,可也是闻所未闻的玩艺，伊同了,所以竟不知道这也是一种哭。"
01-P059,1,补天,59,"伊就去点上火,而且不止一地方。"
01-P060,1,补天,60,"火势并不旺,那芦柴是没有干透的，但居然也烘烘的响，很久很久,终于伸出无数火焰的舌头来，-一伸一缩的向上舔，又很久，便合成火焰的重台花又成了火焰的柱，赫赫的压倒了昆仑山上的红光。大风忽地起来，火柱旋转着发吼，青的和杂色的石块都一色通红了，糖似的流布在裂缝中间，像一条不灭的闪电。"
01-P061,1,补天,61,风和火势卷得伊的头发都四散而且旋转，汗水如瀑布一般奔流，大光焰烘托了伊的身躯，使宇宙间现出最后的肉红色。
01-P062,1,补天,62,火柱逐渐上升了，只留下一堆芦柴灰。伊待到天上一色青碧的时候，才伸手去一摸模，指面上却觉得还很有些参差。
01-P063,1,补天,63,"“养回了力气,再来罢。.”伊自已想。"
01-P064,1,补天,64,"伊于是弯腰去捧芦灰了，一捧一捧的填在地上的大水里，芦灰还未冷透,蒸得水撕渐的沸涌，灰水泼满了伊的周身。大风文不肯停,夹着灰扑来,使伊成了灰土的颜色。"
01-P065,1,补天,65,“吁！···”伊吐出最后的呼吸来。
01-P066,1,补天,66,"天边的血红的云彩里有一个光芒四射的太阳，如流动的金球包在荒古的熔岩中;那一边,却是一个生铁一般的冷而且白的月亮。但不知道谁是下去和谁是上来。这时候，伊的以自已用尽了自己一一切的躯壳,便在这中间躺倒，而且不再呼吸"
01-P067,1,补天,67,上下四方是死灭以上的寂静。
01-P068,1,补天,68,"有一日，天气很寒冷，却听到一点喧嚣，那是禁军终于杀到了，因为他们等候着望不见火光和烟尘的时候，所以到得迟。他们左边一柄黄斧头,右边一柄黑斧头，后面一柄极大极古的大，躲躲闪闪的攻到女娲死户的旁边，却并不见有什么动静。他们就在死户的肚皮上扎了寨，因为这处最膏腰，他们检选这些事是很伶俐的。然而他们却突然变了口风，说惟有他们是女娲的嫡派，同时也就改换了大旗上的科斗字，写道“女娲氏之肠”"
01-P069,1,补天,69,落在海岸上的老道士也传了无数代了。他临死的时候，才将仙山被巨鳌背到海上这一件要闻传授徒弟，徒弟又传给徒孙，后来一个方土想讨好，竟去奏闻了秦始皇，秦始皇便教方士去寻去
01-P070,1,补天,70,方士寻不到仙山，秦始皇终于死掉了；汉武帝又教寻，也一样的没有影
01-P071,1,补天,71,大约巨鳌们是并没有懂得女娲的话的，那时不过偶而凑巧的点了点头。模模胡胡的背了一程之后，大家便走散去睡觉，仙山也就跟着沉下了，所以直到现在，总没有人看见半座神仙山，至多也不外乎发见了若干野蛮岛。
02-P001,2,奔月,1,"聪明的牲口确乎知道人意，刚刚望见宅门，那马便立刻放缓脚步了,并且和它背上的主人同时垂了头，一步一顿，像捣米一样。"
02-P002,2,奔月,2,暮霭笼罩了大宅，邻屋上都腾起浓黑的炊烟，已经是晚饭时候。家将们听得马蹄声，早已迎了出来，都在宅门外垂着手直挺挺地站着。羿在垃圾堆边懒懒地下了马，家将们便接过缰绳和鞭子去。他刚要跨进大门，低头看看挂在腰间的满壶的簇新的箭和网里的三匹鸟老鸦和一匹射碎了的小麻雀，心里就非常跨踊。但到底硬着头皮，大踏步走进去了；箭在壶里豁朗豁朗地响着。
02-P003,2,奔月,3,"刚到内院,他便见嫦娥在圆窗里探了一探头。他知道她眼睛快，一定早瞧见那几匹乌鸦的了，不觉一吓，脚步登时也停，一但只得往里走。使女们都迎出来，给他卸了弓箭，解下网兜。他仿佛觉得她们都在苦笑。"
02-P004,2,奔月,4,"“太太。”他擦过手脸,走进内房去，一面叫。"
02-P005,2,奔月,5,嫦娥正在看着圆窗外的暮天，慢慢回过头来，似理不理的向他看了一眼，没有答应。
02-P006,2,奔月,6,"这种情形,羿倒久已习惯的了，至少已有年多。他仍旧走近去，坐在对面的铺着脱毛的旧豹皮的木榻上，搔着头皮，支支梧梧地说"
02-P007,2,奔月,7,“今天的运气仍旧不见佳，还是只有乌鸦···。
02-P008,2,奔月,8,“哼！”嫦娥将柳眉一扬，忽然站起来，风似的往外走，嘴里咕噜着，“又是乌鸦的炸酱面，又是乌鸦的炸酱面！你去问问去，谁家是一年到头只吃乌鸦肉的炸酱面的？我真不知道是走了什么运，竟嫁到这里来，整年的就吃鸟鸦的炸酱面！”
02-P009,2,奔月,9,"“太太，”羿赶紧也站起，跟在后面，低声说，“不过今天倒还好，另外还射了一匹麻雀,可以给你做菜的。女辛！”他大声地叫使女，“你把那一匹麻雀拿过来请太太看！”"
02-P010,2,奔月,10,野味已经拿到厨房里去了，女辛便跑去挑出来，两手捧着，送在嫦娥的眼前。
02-P011,2,奔月,11,“哼！”她臀了一眼，慢慢地伸手一捏，不高兴地说，“一团糟！不是全都粉碎了么？肉在那里？”
02-P012,2,奔月,12,“是的，”羿很煌恐，“射碎的。我的弓太强，箭头太大了。”
02-P013,2,奔月,13,“你不能用小一点的箭头的么？”
02-P014,2,奔月,14,"“我没有小的。自从我射封豕长蛇,"
02-P015,2,奔月,15,“这是封家长蛇么？”她说着，一面回转头去对着女辛道，“放-一碗汤罢！”便又退回房里去了。
02-P016,2,奔月,16,"只有羿呆呆地留在堂屋里，靠壁坐下,听着厨房里柴草爆炸的声音。他回忆当年的封家是多么大，远远望去就像一坐小土冈，如果那时不去射杀它,留到现在，足可以吃半年，又何用天天愁饭菜。还有长蛇,也可以做羹喝·····。"
02-P017,2,奔月,17,女乙来点灯了，对面墙上挂着的彤弓，彤矢，卢弓，卢矢，弩机，6}长剑，短剑，便都在昏暗的灯光中出现。羿看了-眼，就低了头，叹一口气；只见女辛搬进夜饭来，放在中间的案上，左边是五大碗白面；右边两大碗，一碗汤；中央是大碗乌鸦肉做的炸酱。
02-P018,2,奔月,18,羿吃着炸酱面，自己觉得确也不好吃；偷眼去看娣娥，她炸酱是看也不看，只用汤泡了面，吃了半碗，又放下了。他觉得她脸上仿佛比往常黄瘦些，生怕她生了病。
02-P019,2,奔月,19,"到二更时,她似乎和气一些了,默坐在床沿上喝水。羿就坐在旁边的木榻上，手摩着脱毛的旧豹皮。"
02-P020,2,奔月,20,“喉，”他和噶地说，“这西山的文豹，还是我们结婚以前射得的，那时多么好看，全体黄金光。”他于是回想当年的食物，熊是只吃四个掌，驼留峰，其余的就都赏给使女和家将们。后来大动物射完了，就吃野猪兔山鸡；射法又高强，要多少有多少。“喉，”他不觉叹息，“我的箭法真太巧妙了，竟射得遍地精光。那时谁料到只剩下乌鸦做菜
02-P021,2,奔月,21,“哼。”嫦娥微微一笑。
02-P022,2,奔月,22,“今天总还要算运气的，”羿也高兴起来，“居然猎到一只麻雀。这是远绕了三十里路才找到的。”
02-P023,2,奔月,23,“你不能走得更远一点的么？！”
02-P024,2,奔月,24,"“对。太太。我也这样想。明天我想起得早些。倘若你醒得早，那就叫醒我。我准备再远走五十里，看看可有些子兔子。·…·但是,怕也难。当我射封豕长蛇的时候,野兽是那么多。你还该记得罢，丈母的门前就常有黑熊走过，叫我去射了好几回···。"
02-P025,2,奔月,25,“是么？”嫦娥似乎不大记得。
02-P026,2,奔月,26,“谁料到现在竟至于精光的呢。想起来，真不知道将来怎么过日子。我呢，倒不要紧，只要将那道送给我的金丹吃下去，就会飞升。但是我第一先得替你打算，·所以我决计明天再走得远点·。
02-P027,2,奔月,27,“哼。”嫦娥已经喝完水，慢慢躺下，合上眼晴了。
02-P028,2,奔月,28,残膏的灯火照着残妆，粉有些褪了，眼圈显得微黄，眉毛的黛色也仿佛两边不-样。但嘴唇依然红得如火；虽然并不笑，颊上也还有浅浅的酒窝。
02-P029,2,奔月,29,“喉喉，这样的人，我就整年地只给她吃鸟鸦的炸酱面····。”羿想着，觉得愧，两颊连耳根都热起来。
02-P030,2,奔月,30,过了一夜就是第二天。
02-P031,2,奔月,31,羿忽然静开眼睛，只见一道阳光斜射在西壁上，知道时候不早了；看看嫦娥，兀自摊开了四肢沉睡着。他悄悄地披上衣服，爬下豹皮榻，出堂前，一面洗脸，一面叫女庚去吩王升备马。
02-P032,2,奔月,32,"他因为事情忙，是早就废止了朝食的;女乙将五个炊饼，五株葱和-一包辣酱都放在网兜里,并弓箭一齐替他系在腰间。他将腰带紧了一紧,轻轻地跨出堂外面，一面告诉那正从对面进来的女庚道"
02-P033,2,奔月,33,“我今天打算到远地方去寻食物去，回来也许晚一一些。看太太醒后，用过早点心，有些高兴的时候，你便去慕告，说晚饭请她等一等，对不起得很。记得么？你说：对不起得很。”
02-P034,2,奔月,34,"他快步出门,跨上马，将站班的家将们扔在脑后，不一会便跑出村庄了。前面是天天走熟的高梁田，他毫不注意，早知道什么也没有的。加上两鞭，一径飞奔前去，一气就跑了六十单上下，望见前面有一簇很茂盛的树林，马也喘气不迭，浑身流汗，自然慢下去了。大约又走了十多里，这才接近树林，然而满眼是胡蜂,粉蝶,蚂蚁,蚱,那里有一点禽兽的踪迹。他望见这一块新地方时，本以为至少总可以有一两匹孤儿兔儿的，现在才知道又是梦想。他只得绕出树林，看那后面却又是碧绿的高梁田，远处散点着几间小小的土屋。风和日暖，鸦雀无声。"
02-P035,2,奔月,35,“倒！”他尽量地大叫了一声，出出闷气。
02-P036,2,奔月,36,但再前行了十多步，他即刻心花怒放了，远远地望见一间土屋外面的平地上，的确停着一匹飞禽，一步一，像是很大的鸽子。他慌忙括弓搭箭，引满弦，将手一放，那箭便流星般出去了。
02-P037,2,奔月,37,"这是无须迟疑的，向来有发必中；他只要策马跟着箭路飞跑前去，便可以拾得猎物。谁知道他将要临近,却已有一个老婆子捧着带箭的大鸽子,大声着，正对着他的马头抢过来。"
02-P038,2,奔月,38,“你是谁哪？怎么把我家的顶好的黑母鸡射死了？你的手怎的有这么闲哪？·
02-P039,2,奔月,39,羿的心不觉跳了一跳，赶紧勒往马。
02-P040,2,奔月,40,“阿呀！鸡么？我只道是一只鹑鸪。”他惶恐地说。
02-P041,2,奔月,41,“瞎了你的眼晴！看你也有四十多岁了罢。”
02-P042,2,奔月,42,“是的。老太太。我去年就有四十五岁了。”
02-P043,2,奔月,43,“你真是枉长白大！连母鸡也不认识，会当作鸪！你究竟是谁哪？”
02-P044,2,奔月,44,"“我就是夷羿。”他说着，看看自己所射的箭，是正贯了母鸡的心，当然死了,末后的两个字便说得不大响亮；一面从马上跨下来。"
02-P045,2,奔月,45,“夷羿？·谁呢？我不知道。”她看着他的脸，说。
02-P046,2,奔月,46,"“有些人是一听就知道的。尧爷的时候,我曾经射死过几匹野猪，几条蛇·…。"
02-P047,2,奔月,47,“哈哈，骗子！那是逢蒙老爷和别人合伙射死的。也许有你在内罢；但你倒说是你自已了，好不识羞！”
02-P048,2,奔月,48,“阿阿，老太太。逢蒙那人，不过近几年时常到我那里来走走，我并没有和他合伙，全不相干的。”
02-P049,2,奔月,49,"“说逛。近来常有人说,我一月就听到四五回。”"
02-P050,2,奔月,50,“那也好。我们且谈正经事罢。这鸡怎么办呢？”
02-P051,2,奔月,51,“赔。这是我家最好的母鸡，天天生蛋。你得赔我两柄锄头，三个纺锤。”
02-P052,2,奔月,52,"“老太太，你瞧我这模样，是不耕不织的，那里来的锄头和纺锤。我身边又没有钱，只有五个炊饼，倒是白面做的，就拿来赔了你的鸡，还添上五株葱和一包甜辣酱。你以为怎样？·”他只手去网兜里掏炊饼,伸出那一只手去取鸡。"
02-P053,2,奔月,53,老婆子看见白面的炊饼，倒有些愿意了，但是定要十五个。商的结果，好容易才定为十个，约好至迟明天正午送到，就用那射鸡的箭作抵押。羿这时才放了心，将死鸡塞进网兜里，跨上鞍轿，回马就走，虽然肚饿，心里却很喜欢，他们不喝鸡汤实在已经有一年多了。
02-P054,2,奔月,54,他绕出树林时，还是下午，于是赶紧加鞭向家里走；但是马力乏了，刚到走惯的高梁田近旁，已是黄昏时候。只见对面
02-P055,2,奔月,55,"羿并不勒住马，任它跑着，一面却也括弓搭箭，只一发，只听得铮的-一声,箭尖正触着箭尖，在空中发出几点火花，两枝箭便向上挤成一个“人”字，又翻身落在地上了。第一箭刚刚相触,两面立刻又来了第二箭,还是的一声,相触在半空中。那样地射了九箭，羿的箭都用尽了；但他这时已经看清逢蒙得意地站在对面,却还有枝箭搭在弦上正在瞄准他的咽喉。"
02-P056,2,奔月,56,"“哈哈，我以为他早到海边摸鱼去了，原来还在这些地方干这些勾当,怪不得那老婆子有那些话。”羿想。"
02-P057,2,奔月,57,那时快，对面是弓如满月，箭似流星。飓的一声，径向羿的咽喉飞过来。也许是瞄准差了一点了，却正中了他的嘴；一个筋斗，他带箭掉下马去了，马也就站住。
02-P058,2,奔月,58,逢蒙见羿已死，便慢慢地过来，微笑着去看他的死脸，当作喝一杯胜利的白干。
02-P059,2,奔月,59,刚在定晴看时，只见羿张开眼，忽然直坐起来。
02-P060,2,奔月,60,“你真是白来了一百多回。”他吐出箭，笑着说，“难道连我的‘啮法'都没有知道么？这怎么行。你闹这些小玩艺儿是不行的，偷去的拳头打不死本人，要自已练练才好。”
02-P061,2,奔月,61,“即以其人之道，反诸其人之身。”胜者低声说。
02-P062,2,奔月,62,"“哈哈哈！”他一面大笑，一面站了起来，“又是引经据典。但这些话你只可以哄哄老婆子，本人面前捣什么鬼？俺向来就只是打猎，没有弄过你似的剪径的玩艺儿。”他说着，又看看网兜里的母鸡,倒并没有压坏,便跨上马,径自走了。"
02-P063,2,奔月,63,“··你打了丧钟！···….”远远地还送来叫骂。
02-P064,2,奔月,64,“真不料有这样没出息。青青年纪，倒学会了诅咒，怪不得那老婆子会那么相信他。”羿想着，不觉在马上绝望地摇了摇头。
02-P065,2,奔月,65,还没有走完高梁田，天色已经昏黑；蓝的空中现出明星来，长庚在西方格外灿烂。马只能认着白色的田滕走，而且早已筋疲力竭，自然走得更慢了。幸而月亮却在天际渐渐吐出银白的清辉。
02-P066,2,奔月,66,“讨厌！”羿听到自己的肚子里骨碌骨碌地响了一阵，便在马上焦躁了起来。“偏是谋生忙，便偏是多碰到些无聊事，白费工夫！”他将两腿在马肚子上一磕，催它快走，但马却只将后半身一扭，照旧地慢腾腾。
02-P067,2,奔月,67,“嫦娥-一定生气了，你看今天多么晚。”他想。“说不定要装怎样的脸给我看哩。但幸而有这一只小母鸡，可以引她高兴。我只要说：太太，这是我来回跑了二百里路才找来的。不，不好，这话似乎太能。
02-P068,2,奔月,68,他望见人家的灯火已在前面，一高兴便不再想下去了。马也不待鞭策，自然飞奔。圆的雪白的月亮照着前途，凉风吹脸，真是比大猎回来时还有趣。
02-P069,2,奔月,69,马自然而然地停在垃圾堆边;羿一看，仿佛觉得异样，不知怎地似乎家里乱。迎出来的也只有一个赵富。
02-P070,2,奔月,70,“怎的？王升呢？”他奇怪地问。
02-P071,2,奔月,71,“王升到姚家找太太去了。”
02-P072,2,奔月,72,“什么？太太到姚家去了么？”羿还呆坐在马上，问。
02-P073,2,奔月,73,“·。”他一面答应着，面去接马缰和马鞭。
02-P074,2,奔月,74,羿这才爬下马来，跨进门，想了一想，又回过头去问
02-P075,2,奔月,75,“不是等不迭了，自已上饭馆去了么？”
02-P076,2,奔月,76,"“嗜。三个饭馆，小的都去问过了,没有在。”"
02-P077,2,奔月,77,"羿低了头,想着,往里面走,三个使女都煌惑感地聚在堂前。他便很谣异，大声的问道"
02-P078,2,奔月,78,“你们都在家么？姚家，太太一个人不是向来不去的么？”
02-P079,2,奔月,79,"她们不回答，只看看他的脸，便来给他解下弓袋和箭壶和装着小母鸡的网兜。羿忽然心惊肉跳起来，觉得嫦娥是因为气忿寻了短见了，便叫女庚去叫赵富来，要他到后园的池里树上去看一遍。但他一跨进房,便知道这推测是不确的了：房里也很乱，衣箱是开着,向床里一看,首先就看出失少了首饰箱。他这时正如头上淋了一盆冷水，金珠自然不算什么，然而那道士送给他的仙药，也就放在这首饰箱里的。"
02-P080,2,奔月,80,羿转了两个圆圈，才看见王升站在门外面。
02-P081,2,奔月,81,“回老爷，”王升说，“太太没有到姚家去；他们今天也不打牌。”
02-P082,2,奔月,82,"羿看了他一眼,不开口。王升就退出去了。"
02-P083,2,奔月,83,"“老爷叫？·……”赵富上来,问。"
02-P084,2,奔月,84,"羿将头一摇，又用手一挥,叫他也退出去。"
02-P085,2,奔月,85,"羿又在房里转了几个圈子，走到堂前，坐下，仰头看着对面壁上的彤弓,彤矢，卢弓，卢矢,弩机，长剑，短剑,想了些时，才问那呆立在下面的使女们道"
02-P086,2,奔月,86,“太太是什么时候不见的？”
02-P087,2,奔月,87,“掌灯时候就不看见了，”女乙说，“可是谁也没见她走出去。”
02-P088,2,奔月,88,“你们可见太太吃了那箱里的药没有？”
02-P089,2,奔月,89,“那倒没有见。但她下午要我倒水喝是有的。”
02-P090,2,奔月,90,羿急得站了起来，他似乎觉得，自已一个人被留在地上了.
02-P091,2,奔月,91,“你们看见有什么向天上飞升的么？”他问。
02-P092,2,奔月,92,“哦！”女辛想了一想，大悟似的说，“我点了灯出去的时候，的确看见一个黑影向这边飞去的，但我那时万想不到是太太··。”于是她的脸色苍白了。
02-P093,2,奔月,93,“一定是了！”羿在膝上一拍，即刻站起，走出屋外去，回头问着女辛道，“那边？”
02-P094,2,奔月,94,"女辛用手一指，他跟着看去时，只见那边是一轮雪白的圆月，挂在空中,其中还隐约现出楼台，树木；当他还是孩子时候祖母讲给他听的月宫中的美景，他依稀记得起来了。他对着浮游在碧海里似的月亮，觉得自己的身子非常沉重。"
02-P095,2,奔月,95,他忽然愤怒了。从愤怒里又发了杀机，圆静着眼睛，大声向使女们此咤道
02-P096,2,奔月,96,“拿我的射日弓来！和三枝箭！”
02-P097,2,奔月,97,女乙和女庚从堂屋中央取下那强大的弓，拂去尘埃，并三枝长箭都交在他手里。
02-P098,2,奔月,98,"他一手括弓，一手捏着三枝箭,都搭上去,拉了一个满弓，正对着月亮。身子是岩石般挺立着，眼光直射，闪闪如岩下电,须发开张飘动,像黑色火，这一瞬息，使人仿佛想见他当年射日的雄姿。"
02-P099,2,奔月,99,"的一声，一只一声,已经连发了三枝箭，刚发便搭，一搭又发，眼晴不及看清那手法，耳朵也不及分别那声音。本来对面是虽然受了三枝箭，应该都聚在一处的，因为箭箭相衔，不差丝发。但他为必中起见,这时却将手微微一动，使箭到时分成三点,有三个伤。"
02-P100,2,奔月,100,"使女们发一声喊，大家都看见月亮只一抖，以为要掉下来了，一一但却还是安然地悬着,发出和悦的更大的光辉，似乎毫无伤损。"
02-P101,2,奔月,101,“哒！”羿仰天大喝一声，看了片刻；然而月亮不理他。他前进三步，月亮便退了三步；他退三步，月亮却又照数前进了。
02-P102,2,奔月,102,他们都默着，各人看各人的脸。
02-P103,2,奔月,103,羿懒懒地将射日弓靠在堂门上，走进屋里去。使女们也一齐跟着他。
02-P104,2,奔月,104,"“喉，”羿坐下,叹一口气，“那么，你们的太太就永远一个人快乐了。她竟忍心撇了我独自飞升？莫非看得我老起来了？但她上月还说：并不算老，若以老人自居，是思想的随落。”"
02-P105,2,奔月,105,“这一定不是的。”女乙说，“有人说老爷还是一个战士。
02-P106,2,奔月,106,“有时看去简直好像艺术家。”女辛说
02-P107,2,奔月,107,"“放屁！—一不过乌老鸦的炸酱面确也不好吃,难怪她忍不住···。”"
02-P108,2,奔月,108,“那豹皮褥子脱毛的地方，我去剪一点靠墙的脚上的皮来补一补罢，怪不好看的。”女辛就往房里走。
02-P109,2,奔月,109,“且慢，”羿说着，想了一想，“那倒不忙。我实在饿极了还是赶快去做一盘辣子鸡，烙五厅饼来，给我吃了好睡觉。明天再去找那道士要一服仙药，吃了追上去罢。女庚，你去盼王升，叫他量四升白豆喂马！”
03-P001,3,理水,1,"这时候是“汤汤洪水方割,浩浩怀山襄陵”舜爷的百姓，倒并不都挤在露出水面的山顶上，有的捆在树顶，有的坐着木排，有些木排上还搭有小小的板棚，从岸上看起来，很富于诗趣。"
03-P002,3,理水,2,"远地里的消息，是从木排上传过来的。大家终于知道大人因为治了九整年的水，什么效验也没有，上头龙心震怒，把他充军到羽山去了，接任的好像就是他的儿子文命少爷,乳名叫作阿禹。"
03-P003,3,理水,3,"灾荒得久了，大学早已解散，连幼稚园也没有地方开，所以百姓们都有些混混沌沌。只在文化山上,还聚集着许多学者,他们的食粮,是都从奇肱国用飞车运来的,因此不怕缺乏,因此也能够研究学问。然而他们里面，大抵是反对禹的，或者简直不相信世界上真有这个禹。"
03-P004,3,理水,4,"每月一次，照例的半空中要歙的发响，愈响愈厉害，飞车看得清楚了,车上插一张旗,画着一个黄圆圈在发毫光。离地五尺，就挂下几只篮子来，别人可不知道里面装的是什么，只听得上下在讲话："
03-P005,3,理水,5,"“古貌林"""
03-P006,3,理水,6,"“好杜有图"""
03-P007,3,理水,7,“古鲁几哩·
03-P008,3,理水,8,"""O. K!"""
03-P009,3,理水,9,"飞车向奇肱国疾飞而去,天空中不再留下微声,学者们也静悄悄，这是大家在吃饭。独有山周围的水波，撞着石头，不住的澎湃的在发响。午觉醒来，精神百倍，于是学说也就压倒了涛声了。"
03-P010,3,理水,10,“禹来治水，定不成功，如果他是的儿子的话，”个拿挂杖的学者说。“我曾经搜集了许多王公大臣和豪富人家的家谱，很下过一番研究工夫，得到一个结论：阔人的子孙都是阔人，坏人的子孙都是坏人一一一这就叫作‘遗传’。所以，不成功，他的儿子禹一定也不会成功，因为愚人是生不出聪明人来的！”
03-P011,3,理水,11,"""O.K！”一个不拿挂杖的学者说。"
03-P012,3,理水,12,“不过您要想想咱们的太上皇，别一个不拿挂杖的学者道。
03-P013,3,理水,13,“他先前虽然有些‘顽’，现在可是改好了。倘是愚人，就永远不会改好…·
03-P014,3,理水,14,"""O.K!"""
03-P015,3,理水,15,"“这这些些都是费话，”又个学者吃吃的说，立刻把鼻尖胀得通红。“你们是受了谣言的骗的。其实并没有所谓禹，‘禹’是一条虫,虫虫会治水的吗？我看也没有的，‘'是条鱼，鱼鱼会治水水水的吗？”他说到这里，把两脚一瞪，显得非常用劲。"
03-P016,3,理水,16,“不过却的确是有的，七年以前，我还亲眼看见他到昆仑山脚下去赏梅花的。”
03-P017,3,理水,17,"“那么，他的名字弄错了，他大概不叫‘’，他的名字应该叫‘人'！至于禹,那可定是条虫,我有许多证据，可以证明他的乌有,叫大家来公评.”"
03-P018,3,理水,18,于是他勇猛的站了起来，摸出削刀，刮去了五株大松树皮，用吃剩的面包末屑和水研成浆，调了炭粉，在树身上用很小的蝌蚪文写上抹杀阿禹的考据，足足化掉了三九廿七天工夫。但是凡有要看的人，得拿出十片嫩榆叶，如果住在木排上，就改给一贝壳鲜水苔。
03-P019,3,理水,19,"横竖到处都是水，猎也不能打，地也不能种，只要还活着，所有的是闲工夫,来看的人倒也很不少。松树下挨挤了三天，到处都发出叹息的声音，有的是佩服，有的是疲劳。但到第四天的正午，一个乡下人终于说话了，这时那学者正在吃炒面。"
03-P020,3,理水,20,"“人里面，是有叫作阿禹的，”乡下人说。“况且‘禹’也不是虫，这是我们乡下人的简笔字,老爷们都写作‘禺’,是大猴子.··..”"
03-P021,3,理水,21,"“人有叫作大大猴子的吗？·”学者跳起来了，连忙咽下没有嚼烂的一口面，鼻子红到发紫,吆喝道。"
03-P022,3,理水,22,"“有的呀,连叫阿狗阿猫的也有：”"
03-P023,3,理水,23,"“鸟头先生，您不要和他去辩论了，”拿挂杖的学者放下面包,拦在中间,说。“乡下人都是愚人。拿你的家谱来，”他又转向乡下人，大声道，“我一定会发见你的上代都是愚人·.”"
03-P024,3,理水,24,“我就从来没有过家谱·….”
03-P025,3,理水,25,“吓，使我的研究不能精密，就是你们这些东西可恶！”
03-P026,3,理水,26,“不过这这也用不着家谱，我的学说是不会错的。”鸟头先生更加愤愤的说。“先前，许多学者都写信来赞成我的学说，那些信我都带在这里…
03-P027,3,理水,27,"“不不,那可应该查家谱···…·"
03-P028,3,理水,28,“但是我竟没有家谱，”那“愚人”说。“现在又是这么的人荒马乱，交通不方便，要等您的朋友们来信赞成，当作证据，真也比螺蛳壳里做道场还难。证据就在眼前：您叫鸟头先生，莫非真的是一个鸟儿的头，并不是人吗？”
03-P029,3,理水,29,“哼！”鸟头先生气到连耳轮都发紫了。“你竟这样的悔辱我！说我不是人！我要和你到皋陶大人那里去法律解
03-P030,3,理水,30,"一就是杀头呀，你懂了决！如果我真的不是人，我情愿大辟没有？要不然，你是应该反坐的。你等着罢，不要动，等我吃完了炒面。”道现在已是午后，别人也要肚子饿的。可恨的是愚人的肚子却和聪明人的一样：也要饿。真是对不起得很，我要捞青苔去了，等您上了呈子之后，我再来投案罢。”于是他跳上木排，拿起网兜,捞着水草,泛泛的远开去了。看客也渐渐的走散，鸟头先生就红着耳轮和鼻尖从新吃炒面，拿挂杖的学者在摇头。"
03-P031,3,理水,31,然而“禹”究竟是一条虫，还是一个人呢，却仍然是一个大疑问。
03-P032,3,理水,32,禹也真好像是条虫。
03-P033,3,理水,33,"大半年过去了，奇肱国的飞车已经来过八回，读过松树身七的文字的木排居民，十个里面有九个生了脚气病，治水的新官却还没有消息。直到第十回飞车来过之后，这才传来了新闻,说禹是确有这么一个人的,正是的儿子,也确是简放了水利大臣，三年之前,已从冀州启节,不久就要到这里了。"
03-P034,3,理水,34,大家略有一点兴奋，但又很淡漠，不大相信，因为这一类不甚可靠的传闻，是谁都听得耳朵起茧了的。
03-P035,3,理水,35,"然而这-回却又像消息很可靠，十多天之后，几乎谁都说大臣的确要到了，因为有人出去捞浮草，亲眼看见过官船；他还指着头上一一块乌青的疙瘩,说是为了回避得太慢一点了，吃了一下官兵的飞石：这就是大臣确已到来的证据。这人从此就很有名，也很忙碌，大家都争先恐后的来看他头上的疙瘩，几乎把木排踏沉；后来还经学者们召了他去，细心研究，决定了他的疙瘩确是真疙瘩，于是使鸟头先生也不能再执成见，只好把考据学让给别人，自己另去搜集民间的曲子了。"
03-P036,3,理水,36,一大阵独木大舟的到来，是在头上打出疙瘩的大约二十多天之后，每只船上，有二十名官兵打桨，三十名官兵持矛，前后都是旗帜；刚靠山顶，绅士们和学者们已在岸上列队恭迎，过了大半天，这才从最大的船里，有两位中年的胖胖的大员出现，约略二十个穿虎皮的武士簇拥着，和迎接的人们一同到最高巅的石屋里去了。
03-P037,3,理水,37,大家在水陆两面，探头探脑的悉心打听，才明白原来那两位只是考察的专员，却并非禹自已。
03-P038,3,理水,38,大员坐在石屋的中央，吃过面包，就开始考察。
03-P039,3,理水,39,"“灾情倒并不算重，粮食也还可敷衍，”一位学者们的代表，苗民言语学专家说。“面包是每月会从半空中掉下来的；鱼也不缺，虽然未免有些泥土气，可是很肥，大人。至于那些下民，他们有的是榆叶和海苔，他们‘饱食终日，无所用心，一一一就是并不劳心，原只要吃这些就够。我们也尝过了，味道倒并不坏,特别得很··”"
03-P040,3,理水,40,"“况且，”别一位研究《神农本草》16]的学者抢着说，“榆叶里面是含有维他命 W的;海苔里有碘质,可医病病,两样都极合于卫生。"
03-P041,3,理水,41,“O.K！”又一个学者说。大员们瞪了他-眼。
03-P042,3,理水,42,"“饮料呢，”那《神农本草》学者接下去道，“他们要多少有多少，一万代也喝不完。可惜含点黄土，饮用之前，应该蒸馏一下的。撇人指导过许多次了，然面他们冥顽不灵，绝对的不肯照办,于是弄出数不清的病人来···….”"
03-P043,3,理水,43,"“就是洪水，也还不是他们弄出来的吗？”一位五长须，身穿酱色长袍的绅士又抢着说。“水还没来的时候，他们懒着不肯填,洪水来了的时候,他们又懒着不肯廊·…··…”"
03-P044,3,理水,44,“是之谓失其性灵，”坐在后一排，八字胡子的伏羲朝小品文学家笑道。“吾尝登帕米尔之原，天风浩然，梅花开矣，白云飞矣，金价涨矣，耗子眠矣，见一少年，口衔雪茄，面有蛋尤氏之雾…·哈哈哈！没有法子….
03-P045,3,理水,45,"""O. K!"""
03-P046,3,理水,46,这样的谈了小半天。大员们都十分用心的听着，临末是法。
03-P047,3,理水,47,"于是大员们下船去了。第二天,说是因为路上劳顿，不办公，也不见客；第三天是学者们公请在最高峰上赏偃盖古松，下半天又同往山背后钓黄鳝，一直玩到黄昏。第四天，说是因为考察劳顿了，不办公，也不见客；第五天的午后，就传见下民的代表。"
03-P048,3,理水,48,"下民的代表，是四天以前就在开始推举的，然而谁也不背去，说是一向没有见过官。于是大多数就推定了头有疙瘩的那一个，以为他曾有见过官的经验。已经平复下去的疙瘩，这时忽然针刺似的痛起来了，他就哭着一口咬定：做代表，毋宁死！大家把他围起来，连日连夜的责以大义，说他不顾公益，是利已的个人主义者，将为华夏所不容；激烈点的，还至于捏起拳头，伸在他的鼻子跟前，要他负这回的水灾的责任。他渴睡得要命，心想与其逼死在木排上，还不如冒险去做公益的牺牲，便下了绝大的决心,到第四天,答应了。"
03-P049,3,理水,49,"大家就都称赞他，但几个勇士,却又有些妒忌。"
03-P050,3,理水,50,就是这第五天的早晨，大家一早就把他拖起来，站在岸上听呼唤。果然，大员们呼唤了。他两腿立刻发抖，然而又立刻下了绝大的决心，决心之后，就又打了两个大啊欠，肿着眼眶，自己觉得好像脚不点地，浮在空中似的走到官船上去了。
03-P051,3,理水,51,"奇怪得很,持矛的官兵，虎皮的武士,都没有打骂他，一直放进了中舱。舱里铺着熊皮，豹皮，还挂着几副弩箭，摆着许多瓶罐，弄得他眼花缭乱。定神一看，才看见在上面，就是自已的对面，坐着两位胖大的官员。什么相貌，他不敢看清楚。"
03-P052,3,理水,52,“你是百姓的代表吗？”大员中的个问道。
03-P053,3,理水,53,“他们叫我上来的。”他眼晴看着铺在舱底上的豹皮的艾叶一般的花纹，回答说，
03-P054,3,理水,54,“你们怎么样？”
03-P055,3,理水,55,"“..··….”他不懂意思,没有答。"
03-P056,3,理水,56,“你们过得还好么？”
03-P057,3,理水,57,“托大人的鸿福，还好”他又想了想，低低的说道，“敷敷衍衍··混混·.”
03-P058,3,理水,58,“吃的呢？”
03-P059,3,理水,59,“有，叶子呀，水苔呀·
03-P060,3,理水,60,“都还吃得来吗？”
03-P061,3,理水,61,"“吃得来的。我们是什么都弄惯了的,吃得来的。只有些小畜生还要，人心在坏下去哩,妈的，我们就揍他。”"
03-P062,3,理水,62,大人们笑起来了，有一个对别一个说道：“这家伙倒老实。”
03-P063,3,理水,63,这家伙一听到称赞，非常高兴，胆子也大了，滔滔的讲述
03-P064,3,理水,64,“我们总有法子想。比如水苔，顶好是做滑溜翡翠汤，榆叶就做一品当朝羹。剥树皮不可剥光，要留下道，那么，明年春天树枝梢还是长叶子，有收成。如果托大人的福，钓到了黄鳝·····.
03-P065,3,理水,65,然而大人好像不大爱听了，有一位也接连打了两个大呵欠，打断他的讲演道：“你们还是合具一个公皇来罢，最好是还带一个贡献善后方法的条陈。
03-P066,3,理水,66,“我们可是谁也不会写·.”他的说。
03-P067,3,理水,67,“你们不识字吗？这真叫作不求上进！没有法子，把你们吃的东西栋一份来就是！”
03-P068,3,理水,68,"他又恐惧又高兴的退了出来，摸一摸疙瘩疤，立刻把大人的盼附传给岸上，树上和排上的居民，并且大声叮瞩道：“这是送到上头去的呵！要做得干净,细致,体面呀！·"
03-P069,3,理水,69,所有居民就同时忙碌起来，洗叶子，切树皮，捞青苔，乱作一团。他自已是锯木版，来做进呈的盒子。有两片磨得特别光，连夜跑到山顶上请学者去写字，一片是做盒子盖的，求写“寿山福海”，一片是给自已的木排上做扁额，以志荣幸的，求写“老实堂”。但学者却只肯写了“寿山福海”的一块。
03-P070,3,理水,70,"当两位大员回到京都的时候，别的考察员也大抵陆续回来了，只有禹还在外。他们在家里休息了几天，水利局的同事们就在局里大排链宴，替他们接风，份子分福禄寿三种，最少也得出五十枚大贝壳。这一天真是车水马龙，不到黄昏时候,主客就全都到齐了,院子里却已经点起庭燎来，鼎中的牛肉香，直透到门外虎贲的鼻子跟前,大家就齐咽口水。酒过三巡，大员们就讲了一些水乡沿途的风景，芦花似雪,泥水如金,黄鳝膏,青苔滑溜等等。微之后,才取出大家采集了来的民食来，都装着细巧的木匣子，盖七写着文字,有的是伏羲八卦体,有的是仓额鬼哭体,大家就先来赏鉴这些字，争论得几乎打架之后，才决定以写着“国泰民安”的一块为第一，因为不但文字质朴难识,有上古淳厚之风，而且立言也很得体,可以宣付史馆的。"
03-P071,3,理水,71,"评定了中国特有的艺术之后，文化问题总算告一段落，于是来考察盒子的内容了：大家一致称赞着饼样的精巧。然而大约酒也喝得太多了，便议论纷纷：有的咬一口松皮饼，极口叹赏它的清香，说自己已明天就要挂冠归隐，去享这样的清福；咬了柏叶糕的,却道质粗味苦,伤了他的舌头,要这样与下民共患难，可见为君难，为臣亦不易。有几个又扑上去，想抢下他们咬过的糕饼来，说不久就要开展览会募捐，这些都得去陈列，咬得太多是很不雅观的。"
03-P072,3,理水,72,"局外面也起了一阵喧。-一群乞丐似的大汉，面目黑，衣服破旧，竟冲破了断绝交通的界线，闯到局里来了。卫兵们大喝一声，连忙左右交叉了明晃晃的戈,挡住他们的去路。"
03-P073,3,理水,73,"“什么？一一看明白！”当头是一条瘦长的葬汉,粗手粗脚的，证了一下,大声说。"
03-P074,3,理水,74,卫兵们在昏黄中定晴一看，就恭恭敬敬的立正，举戈，放他们进去了，只拦住了气喘吁吁的从后面追来的一个身穿深蓝士布袍子，手抱孩子的妇女。
03-P075,3,理水,75,“怎么？你们不认识我了吗？”她用拳头指着额上的汗，说异的问。
03-P076,3,理水,76,“禹太太，我们怎会不认识您家呢？”
03-P077,3,理水,77,“那么，为什么不放我进去的？”
03-P078,3,理水,78,"“禹太太，这个年头儿，不大好，从今年起，要端风俗而正人心，男女有别了。现在那一个衙门里也不放娘儿们进去，不但这里，不但您。这是上头的命令,怪不着我们的。”"
03-P079,3,理水,79,"禹太太呆了会,就把双眉一扬，一面回转身，一面曦叫道："
03-P080,3,理水,80,“这杀千刀的！奔什么丧！走过自家的门口，看也不进来看一下，25]就奔你的丧！做官做官，做官有什么好处，仔细像你的老子，做到充军，还掉在池子里变大忘八！这没良心的杀千刀！
03-P081,3,理水,81,"这时候，局里的大厅上也早发生了扰乱。大家一望见…群莽汉们奔来，纷纷都想躲避，但看不见耀眼的兵器，就又硬着头皮,定睛去看。奔来的也临近了,头一个虽然面貌黑瘦，但从神情上，也就认识他正是禹；其余的自然是他的随员。"
03-P082,3,理水,82,"这一吓,把大家的酒意都吓退了，沙沙的一阵衣裳声，立刻都退在下面。禹便一径跨到席上，在上面坐下，大约是大模大样,或者生了鹤膝风罢,并不屈膝而坐,却伸开了两脚，把大脚底对着大员们，又不穿袜子，满脚底都是栗子一般的老茧。随员们就分坐在他的左右。"
03-P083,3,理水,83,“大人是今天回京的？”一位大胆的属员，膝行而前了点，恭敬的问。
03-P084,3,理水,84,“你们坐近一点来！”禹不答他的询问，只对大家说。“查的怎么样？”
03-P085,3,理水,85,"大员们一面膝行而前，一面面面相，列坐在残涎的下面,看见咬过的松皮饼和啃光的牛骨头。非常不自在一却又不敢叫膳夫来收去。"
03-P086,3,理水,86,"“烹大人，”一位大员终于说。“倒还像个样子印象甚佳。松皮水草,出产不少;饮料呢,那可丰富得很。百姓都很老实，他们是过惯了的。禀大人，他们都是以善于吃苦，驰名世界的人们。"
03-P087,3,理水,87,"“卑职可是已经拟好了募捐的计划，”又一位大员说。“准备开一个奇异食品展览会，另请女隗小姐来做时装表演。只卖票，并且声明会里不再募捐,那么，来看的可以多--点。”"
03-P088,3,理水,88,“这很好。”禹说着，向他弯一弯腰。
03-P089,3,理水,89,"“不过第一要紧的是赶快派一批大木筏去，把学者们接上高原来。”第三位大员说，“一面派人去通知奇国，使他们知道我们的尊崇文化，接济也只要每月送到这边来就好。学者们有一个公呈在这里，说的倒也很有意思，他们以为文化是国的命脉，学者是文化的灵魂，只要文化存在，华夏也就存在，别的-切,倒还在其次…·”"
03-P090,3,理水,90,"“他们以为华夏的人口太多了，”第一位大员道，“减少一些倒也是致太平之道。况且那些不过是愚民，那喜怒哀乐，也决没有智者所推想的那么精微的。知人论事,第一要凭主观。例如莎士比亚………”"
03-P091,3,理水,91,“放他妈的屁！”禹心里想，但嘴上却大声的说道：“我经过查考，知道先前的方法：‘’，确是错误了。以后应该用“导”！不知道诸位的意见怎么样？”
03-P092,3,理水,92,静得好像坟山；大员们的脸上也显出死色，许多人还觉得自己生了病，明天恐怕要请病假了。
03-P093,3,理水,93,“这是畵尤的法子！”一个勇敢的青年官员悄悄的愤激着。
03-P094,3,理水,94,“卑职的愚见，窃以为大人是似乎应该收回成命的。”一位白须白发的大员，这时觉得天下兴亡，系在他的嘴上了，便把心一横，置死生于度外，坚决的抗议道：“潼是老大人的成法。三年无改于父之道，可谓孝矣。老大人升天还不到三年。”
03-P095,3,理水,95,禹声也不响。
03-P096,3,理水,96,"“况且老大人化过多少心力呢。借了上帝的息壤来潼洪水，虽然触了上帝的恼怒,洪水的深度可也浅了点了。这似乎还是照例的治下去。”另一位花白须发的大员说，他是禹的母舅的干儿子。"
03-P097,3,理水,97,禹声也不响。
03-P098,3,理水,98,盘，”一位胖大官员看得禹
03-P099,3,理水,99,"“我看大人还不如‘翰父之蛊不作声，以为他就要折服了，便带些轻薄的大声说，不过脸还流出着一层油汗。“照着家法,挽回家声。大人大约未必知道人们在怎么讲说老大人罢”"
03-P100,3,理水,100,"“要而言之，‘潼'是世界上已有定评的好法子，”白须发的老官恐怕胖子闹出岔子来，就抢着说道。“别的种种，所谓‘摩登者也,昔者萤尤氏就坏在这一点上。”"
03-P101,3,理水,101,"禹微微一-笑：“我知道的。有人说我的爸爸变了黄熊，也有人说他变了三足鳖,也有人说我在求名，图利。说就是了。我要说的是我查了山泽的情形，征了百姓的意见，已经看透实情，打定主意，无论如何，非‘导'不可！这些同事，也都和我同意的。”"
03-P102,3,理水,102,他举手向两旁一指。白须发的，花须发的，小白脸的，胖而流着油汗的，胖而不流油汗的官员们，跟着他的指头看过去，只见一排黑瘦的乞丐似的东西，不动，不言，不笑，像铁铸的一样。
03-P103,3,理水,103,禹爷走后，时光也过得真快，不知不觉间，京师的景况日见其繁盛了。首先是阔人们有些穿了茧绸袍，后来就看见大水果铺里卖着橘子和柚子，大绸缎店里挂着华丝葛；富翁的链席上有了好酱油，清炖鱼翅，凉拌海参；再后来他们竟有熊皮褥子狐皮褂，那太太也戴上赤金耳环银手镯了。
03-P104,3,理水,104,只要站在大门口，也总有什么新鲜的物事看：今天来车竹箭，明天来一批松板，有时抬过了做假山的怪石，有时提过了做鱼生的鲜鱼;有时是一大群一尺二寸长的大乌龟，都缩了头装着竹笼，载在车子上，拉向皇城那面去。
03-P105,3,理水,105,“妈妈，你瞧呀，好大的乌龟！”孩子们一看见，就起来，跑上去，围住了车子。
03-P106,3,理水,106,“小鬼，快滚开！这是万岁爷的宝贝，当心杀头！”
03-P107,3,理水,107,然而关于禹爷的新闻，也和珍宝的人京一同多起来了。百姓的檐前，路旁的树下，大家都在谈他的故事；最多的是他怎样夜里化为黄熊，35]用嘴和爪子，一拱一拱的疏通了九河，以及怎样请了天兵天将，捉住兴风作浪的妖怪无支祁，镇在龟山的脚下。36]皇上舜爷的事情，可是谁也不再提起了，至多，也不过谈谈丹朱太子的没出息。
03-P108,3,理水,108,"禹要回京的消息，原已传布得很久了，每天总有一群人站在关口,看可有他的仪仗的到来。并没有。然而消息却愈传愈紧，也好像愈真。一个半阴半晴的上午,他终于在百姓们的万头动之间,进了冀州的帝都了。前面并没有仪仗，不过一大批乞丐似的随员。临未是一个粗手粗脚的大汉，黑脸黄须，腿弯微曲，双手捧着-片乌黑的尖顶的大石头一一舜爷所赐的“玄圭”,连声说道“借光，借光，让一让，让一让”，从人丛中挤进皇宫里去了。"
03-P109,3,理水,109,百姓们就在宫门外欢呼，议论，声音正好像浙水的涛声一样。
03-P110,3,理水,110,"舜爷坐在龙位上，原已有了年纪，不免觉得疲劳，这时又似乎有些惊骇。禹一到，就连忙客气的站起来，行过礼，皋陶先去应酬了几句,舜才说道："
03-P111,3,理水,111,“你也讲几句好话我听呀。”
03-P112,3,理水,112,，，！”
03-P113,3,理水,113,“什么叫作‘擎擎'？”皋陶问。
03-P114,3,理水,114,"“洪水滔天，”禹说，“浩浩怀山襄陵，下民都浸在水里。我走旱路坐车，走水路坐船，走泥路坐撬，走山路坐轿。到一座山，砍一通树,和益俩给大家有饭吃,有肉吃。放田水人川，放川水人海，和稷俩给大家有难得的东西吃。东西不够，就调有余,补不足。搬家。大家这才静下来了，各地方成了个样子。"
03-P115,3,理水,115,“对啦对啦，这些话可真好！”皋陶称赞道。
03-P116,3,理水,116,“喉！”禹说。“做皇帝要小心，安静。对天有良心，天才会仍旧给你好处！”
03-P117,3,理水,117,舜爷叹-口气，就托他管理国家大事，有意见当面讲，不要背后说坏话。看见禹都答应了，又叹-口气，道：“莫像丹朱的不听话，只喜欢游荡，旱地上要撑船，在家里又捣乱，弄得过不了日子，这我可真看的不顺眼！”
03-P118,3,理水,118,"“我讨过老婆，四天就走，”禹回答说。“生了阿启，也不当他儿子看。所以能够治了水，分作五圈，简直有五千里，计十二州，直到海边,立了五个头领,都很好。只是有苗可不行，你得留心点！”"
03-P119,3,理水,119,“我的天下，真是全仗的你的功劳弄好的！”舜爷也称赞道。
03-P120,3,理水,120,于是皋陶也和舜爷一同肃然起敬，低了头；退朝之后，他就赶紧下一道特别的命令，叫百姓都要学禹的行为，倘不然，立刻就算是犯了罪。
03-P121,3,理水,121,"这使商家首先起了大恐慌。但幸而禹爷自从回京以后，态度也改变一点了：吃喝不考究，但做起祭祀和法事来，是阔绰的；衣服很随便，但上朝和拜客时候的穿著，是要漂亮的。所以市面仍旧不很受影响，不多久，商人们就又说禹爷的行为真该学，皋爷的新法令也很不错；终于太平到连百兽都会跳舞,凤凰也飞来凑热闹了。"
04-P001,4,采薇,1,"这半年来，不知怎的连养老堂里也不大平静了，一部分的老头子,也都交头接耳,跑进跑出的很起劲。只有伯夷最不留心闲事，秋凉到了，他又老的很怕冷，就整天的坐在阶沿上晒太阳，纵使听到匆忙的脚步声，也决不拾起头来看。"
04-P002,4,采薇,2,“大哥！”
04-P003,4,采薇,3,一听声音自然就知道是叔齐。伯夷是向来最讲礼让的，便在抬头之前，先站起身，把手一摆，意思是请兄弟在阶沿上坐下。
04-P004,4,采薇,4,“大哥，时局好像不大好！”叔齐一面并排坐下去，一面气喘吁吁的说，声音有些发抖。
04-P005,4,采薇,5,“怎么了呀？”伯夷这才转过脸去看，只见叔齐的原是苍白的脸色，好像更加苍白了。
04-P006,4,采薇,6,"“您听到过从商王那里,逃来两个瞎子的事了罢。”"
04-P007,4,采薇,7,“唔，前几天，散宜生好像提起过。我没有留心。”
04-P008,4,采薇,8,"“我今天去拜访过了。一个是太师疵，一个是少师强，还带来许多乐器。听说前几时还开过一个展览会,参观者都“喷喷称美’，不过好像这边就要动兵了。”"
04-P009,4,采薇,9,“为了乐器动兵，是不合先王之道的。”伯夷慢吞吞的说。
04-P010,4,采薇,10,"“也不单为了乐器。您不早听到过商王无道，砍早上渡河不怕水冷的人的脚骨，着看他的骨髓，挖出比干王爷的心来，看它可有七窍吗?6]先前还是传闻,瞎子到,可就证实了。况且还切切实实的证明了商王的变乱旧章。变乱旧章，原是应该征伐的。不过我想，以下犯上，究竟也不合先王之"
04-P011,4,采薇,11,"“近来的熔饼，一天一天的小下去了,看来确也像要出事情，”伯夷想了一想，说。“但我看你还是少出门，少说话，仍旧每天练你的太极拳的好！”"
04-P012,4,采薇,12,"“是··”叔齐是很悌的,应了半声。"
04-P013,4,采薇,13,"“你想想看，”伯夷知道他心里其实并不服气，便接着说。“我们是客人,因为西伯肯养老,呆在这里的。烙饼小下去了，固然不该说什么，就是事情闹起来了，也不该说什么的。”"
04-P014,4,采薇,14,“那么，我们可就成了为养老而养老了。”
04-P015,4,采薇,15,“最好是少说话。我也没有力气来听这些事。”
04-P016,4,采薇,16,"伯夷咳了起来，叔齐也不再开口。咳嗽一止，万籁寂然,秋末的夕阳，照着两部白胡子,都在闪闪的发亮。"
04-P017,4,采薇,17,然而这不平静，却总是滋长起来，熔饼不但小下去，粉也粗起来了。养老堂的人们更加交头接耳，外面只听得车马行走声，叔齐更加喜欢出门，虽然回来也不说什么话，但那不安的神色，却惹得伯夷也很难闲适了：他似乎觉得这碗平稳饭快要吃不稳。
04-P018,4,采薇,18,"十月下旬，叔齐照例一早起了床，要练太极拳，但他走到院子里,听了听,却开开堂门，跑出去了。约摸有熔十张饼的时候,这才气急败坏的跑回来，鼻子冻得通红，嘴里一阵一阵的喷着白蒸气。"
04-P019,4,采薇,19,“大哥！你起来！出兵了！”他恭敬的垂手站在伯夷的床前，大声说，声音有些比平常粗。
04-P020,4,采薇,20,伯夷怕冷，很不愿意这么早就起身，但他是非常友爱的，看见兄弟着急，只好把牙齿一咬，坐了起来，披上皮袍，在被窝里慢吞吞的穿裤子。
04-P021,4,采薇,21,"“我刚要练拳，”叔齐等着，一面说。“却听得外面有人马走动，连忙跑到大路上去看时一果然,来了。首先是一乘白彩的大轿，总该有八十一人抬着罢，里面一座木主，写的是大周文王之灵位’；后面跟的都是兵。我想：这一定是要去伐了。现在的周王是孝子,他要做大事，一定是把文王抬在前面的。看了一会，我就跑回来，不料我们养老堂的墙外就贴着告示···..”"
04-P022,4,采薇,22,伯夷的衣服穿好了，弟兄俩走出屋子，就觉得一阵冷气赶紧缩紧了身子。伯夷向来不大走动，一出大门，很看得有些新鲜。不几步，叔齐就伸手向墙上一指，可真的贴着一张大告示
04-P023,4,采薇,23,“照得今殷王，乃用其妇人之言，自绝于天，毁坏其
04-P024,4,采薇,24,"三正,离其王父母弟。乃断弃其先祖之乐；乃为淫声，"
04-P025,4,采薇,25,用变乱正声，怡说妇人。故今予发，维共行天罚。勉哉夫
04-P026,4,采薇,26,"子，不可再,不可三！此示。”"
04-P027,4,采薇,27,"两人看完之后，都不作声，径向大路走去。只见路边都挤满了民众，站得水泄不通。两人在后面说一声“借光”，民众回头一一看，见是两位白须老者，便照文王敬老的上谕，赶忙闪开，让他们走到前面。这时打头的木主早已望不见了，走过去的都是排一排的甲士，约有烙三百五十二张大饼的工夫，这才见别有许多兵丁，肩着九云罕旗,仿佛五色云一样。接着又是甲土，后面一大队骑着高头大马的文武官员，簇拥着…一位王爷，紫糖色脸,络腮胡子，左捏黄斧头，右拿白牛尾，威风凛凛：这正是“恭行天罚""的周王发"
04-P028,4,采薇,28,大路两旁的民众，个个肃然起敬，没有人动一一下，没有人响声。在百静中，不提防叔齐却拖着伯夷直扑上去，钻过几个马头，拉住了周王的马嚼子，直着脖子曦起来道：
04-P029,4,采薇,29,"“老子死了不葬，倒来动兵，说得上‘孝”吗？臣子想要杀主子,说得上‘仁”吗？"
04-P030,4,采薇,30,"开初，是路旁的民众，驾前的武将,都吓得呆了；连周王手里的白牛尾巴也歪了过去。但叔齐刚说了四句话，却就听得一片哗哪声响,有好几把大刀从他们的头上砍下来。"
04-P031,4,采薇,31,“且住！”
04-P032,4,采薇,32,谁都知道这是姜太公的声音，岂敢不听，便连忙停了刀，看着这也是白须白发，然而胖得圆圆的脸。
04-P033,4,采薇,33,“义士呢。放他们去罢！”
04-P034,4,采薇,34,"武将们立刻把刀收回,插在腰带上。一面是走上四个甲土来,恭敬的向伯夷和叔齐立正,举手，之后就两个挟个，开正步向路旁走过去。民众们也赶紧让开道，放他们走到自己的背后去。"
04-P035,4,采薇,35,到得背后，甲士们便又恭敬的立正，放了手，用力在他们俩的脊梁上一推。两人只叫得一声“阿呀”，跑跑跟跟的颠了周尺一丈路远近，这才扑通的倒在地面上。叔齐还好，用手支着，只印了一脸泥；伯夷究竟比较的有了年纪，脑袋又恰巧磕在石头上，便晕过去了。
04-P036,4,采薇,36,大军过去之后，什么也不再望得见，大家便换了方向，把躺着的伯夷和坐着的叔齐围起来。有几个是认识他们的，当场告诉人们，说这原是辽西的孤竹君的两位世子，因为让位，这才一同逃到这里，进了先王所设的养老堂。这报告引得众人连声赞叹，几个人便跨下身子，歪着头去看叔齐的脸，几个人回家去烧姜汤，几个人去通知养老堂，叫他们快抬门板来接了。
04-P037,4,采薇,37,"大约过了烙好一百零三四张大饼的工夫，现状并无变化，看客也渐渐的走散；又好久，才有两个老头子抬着扇门板，一拐一拐的走来，板上面还铺着一层稻草：这还是文王定下来的敬老的老规矩。板在地上放,腔咙一声,震得伯夷突然张开了眼晴：他苏了。叔齐惊喜的发一声喊,帮那两个人一同轻轻的把伯夷扛上门板，抬向养老堂里去；自己是在旁边跟定，扶住了挂着门板的麻绳。"
04-P038,4,采薇,38,走了六七十步路，听得远远地有人在叫喊：
04-P039,4,采薇,39,“您哪！等一下！姜汤来哩！”望去是一位年青的太太，手里端着一个瓦罐子，向这面跑来了，大约怕姜汤泼出罢，她跑得不很快。
04-P040,4,采薇,40,大家只得停住，等候她的到来。叔齐谢了她的好意。她看见伯夷已经自已醒来了，似乎很有些失望，但想了一想，就劝他仍旧喝下去，可以暖暖胃。然而伯夷怕辣，一定不肯喝。
04-P041,4,采薇,41,“这怎么办好呢？还是八年陈的老姜熬的呀。别人家还拿不出这样的东西来呢。我们的家里又没有爱吃辣的人···”她显然有点不高兴。
04-P042,4,采薇,42,"叔齐只得接了瓦罐，做好做歹的硬劝伯夷喝了口半，余下的还很多，便说自己也正在胃气痛,统统喝掉了。眼圈通红的，恭敬的夸赞了姜汤的力量，谢了那太太的好意之后，这才解决了这一场大纠纷。"
04-P043,4,采薇,43,他们回到养老堂里，倒也并没有什么余病，到第三天，伯夷就能够起床了，虽然前额上肿着一大块一一然而胃口坏。
04-P044,4,采薇,44,"官民们都不肯给他们超然，时时送来些搅扰他们的消息，或者是官报，或者是新闻。十二月底，就听说大军已经渡了盟津,诸侯无一不到。13]不久也送了武王的《太誓》的钞本来。这是特别钞给养老堂看的，怕他们眼睛花，每个字都写得有核桃一般大。不过伯夷还是懒得看，只听叔齐朗诵了一遍，别的倒也并没有什么，但是“自弃其先祖肆祀不答，昏弃其家国…”这几句，断章取义，却好像很伤了自己的心。"
04-P045,4,采薇,45,"传说也不少：有的说，周师到了牧野，和王的兵大战，杀得他们户横遍野，血流成河，连木棍也浮起来，仿佛水上的草梗一样；15]有的却道纣王的兵虽然有七十万,其实并没有战，"
04-P046,4,采薇,46,"这两种传说，固然略有些不同，但打了胜仗，却似乎确实的。此后又时时听到运来了鹿台的宝贝，巨桥的白米,就更加证明了得胜的确实。伤兵也陆陆续续的回来了，又好像还是打过大仗似的。凡是能够勉强走动的伤兵，大抵在茶馆，酒店，理发铺，以及人家的檐前或门口闲坐，讲述战争的故事，无论那里，总有一群人眉飞色舞的在听他。春天到了，露天下也不再觉得怎么凉，往往到夜里还讲得很起劲。"
04-P047,4,采薇,47,"伯夷和叔齐都消化不良，每顿总是吃不完应得的烙饼；睡觉还照先前一样,天一暗就上床,然而总是睡不着。伯夷只在翻来覆去，叔齐听了，又烦躁，又心酸，这时候，他常是重行起来，穿好衣服，到院子里去走走，或者练一套太极拳。"
04-P048,4,采薇,48,有一夜，是有星无月的夜。大家都睡得静静的了，门口却还有人在谈天。叔齐是向来不偷听人家谈话的，这一回可不知怎的，竟停了脚步，同时也侧着耳朵。
04-P049,4,采薇,49,“妈的王，一败，就奔上鹿台去了，”说话的大约是回来的伤兵。“妈的，他堆好宝贝，自己坐在中央，就点起火来。”
04-P050,4,采薇,50,“阿，这可多么可惜呀！”这分明是管门人的声音。
04-P051,4,采薇,51,"“不慌！只烧死了自己，宝贝可没有烧哩。咱们大王就带着诸侯，进了商国。他们的百姓都在郊外迎接，大王叫大人们招呼他们道：‘纳福呀！他们就都磕头。一直进去，但见门上都贴着两个大字道：‘顺民’。大王的车子一径走向鹿台，找到王自寻短见的处所,射了三箭··"
04-P052,4,采薇,52,“为什么呀？怕他没有死吗？”别一人问道。
04-P053,4,采薇,53,"“谁知道呢。可是射了三箭，又拔出轻剑来，一砍，这才拿了黄斧头，瞭！砍下他的脑袋来,挂在大白旗上。”"
04-P054,4,采薇,54,叔齐吃了惊。
04-P055,4,采薇,55,"“之后就去找纣王的两个小老婆。哼，早已统统吊死了。大王就又射了三箭,拔出剑来，一砍,这才拿了黑斧头，割下她们的脑袋,挂在小白旗上。18]这么一来……”"
04-P056,4,采薇,56,“那两个姨太太真的漂亮吗？”管门人打断了他的话。
04-P057,4,采薇,57,知不清。旗秆子高，看的人又多，我那时金创还很疼，没有挤近去看。”
04-P058,4,采薇,58,“他们说那一个叫作姐已的是狐狸精，只有两只脚变不成人样，便用布条子裹起来：真的？”
04-P059,4,采薇,59,“谁知道呢。我也没有看见她的脚。可是那边的娘儿们却真有许多把脚弄得好像猪蹄子的。
04-P060,4,采薇,60,"叔齐是正经人，一听到他们从皇帝的头，谈到女人的脚上去了，便双眉一皱，连忙掩住耳朵，返身跑进房里去。伯夷也还没有睡着,轻轻的问道："
04-P061,4,采薇,61,“你又去练拳了么？”
04-P062,4,采薇,62,"叔齐不回答，慢慢的走过去，坐在伯夷的床沿上，弯下腰，告诉了他刚才听来的些话。这之后，两人都沉默了许多时，终于是叔齐很困难的叹一口气,悄悄的说道："
04-P063,4,采薇,63,"“不料竟全改了文王的规矩·…·你瞧罢，不但不孝，也不仁··这样看来,这里的饭是吃不得了。"
04-P064,4,采薇,64,“那么，怎么好呢？”伯夷问。
04-P065,4,采薇,65,“我看还是走·….”
04-P066,4,采薇,66,"于是两人商量了几句，就决定明天一早离开这养老堂，不再吃周家的大饼；东西是什么也不带。兄弟俩一同走到华山去,吃些野果和树叶来送自已的残年。况且“天道无亲，常与善人”20】,或者竟会有苍术和茯苓之类也说不定。"
04-P067,4,采薇,67,打定主意之后，心地倒十分轻松了。叔齐重复解衣躺下，不多久，就听到伯夷讲梦话；自已也觉得很有兴致，而且仿佛闻到茯苓的清香，接着也就在这茯苓的清香中，沉沉睡去了。
04-P068,4,采薇,68,第二天，兄弟俩都比平常醒得早，梳洗完毕，毫不带什么东西，其实也并无东西可带，只有一件老羊皮长袍舍不得，仍旧穿在身上，拿了杖，和留下的烙饼，推称散步，一径走出养老堂的大门；心里想，从此要长别了，便似乎还不免有些留恋似的，回过头来看了几眼。
04-P069,4,采薇,69,街道上行人还不多;所遇见的不过是睡眼懂松的女人，在井边打水。将近郊外，太阳已经高升，走路的也多起来了，虽然大抵昂着头，得意洋洋的，但一看见他们，却还是照例的让路。树木也多起来了，不知名的落叶树上，已经吐着新芽，一望好像灰绿的轻烟，其间夹着松柏，在蒙中仍然显得很苍翠。
04-P070,4,采薇,70,满眼是阔大，自由，好看，伯夷和叔齐觉得仿佛年青起来，脚步轻松，心里也很舒畅了。
04-P071,4,采薇,71,"到第二天的午后，迎面遇见了几条岔路，他们决不定走那一条路近，便检了一个对面走来的老头子,很和气的去问他。"
04-P072,4,采薇,72,"“阿呀，可惜，”那老头子说。“您要是早一点，跟先前过去的那队马跑就好了。现在可只得先走这条路。前面岔路还多,再问罢。”"
04-P073,4,采薇,73,"叔齐就记得了正午时分，他们的确遇见过几个废兵，赶着大批老马,瘦马,跛脚马，癫皮马，从背后冲上来，几乎把他们踏死，这时就便问那老人，这些马是赶去做什么的。"
04-P074,4,采薇,74,“您还不知道吗？”那人答道。“我们大王已经恭行天罚，，用不着再来兴师动众，所以把马放到华山脚下去的。这就是‘归马于华山之阳呀，您懂了没有？我们还在‘放了。”
04-P075,4,采薇,75,"然而这竟是兜头一桶冷水,使两个人同时打了一个寒，但仍然不动声色，谢过老人，向着他所指示的路前行。无奈这“归马于华山之阳”，竟踏坏了他们的梦境，使两个人的心里，从此都有些七上八下起来。"
04-P076,4,采薇,76,心里志志，嘴里不说，仍是走，到得傍晚，临近了一座并不很高的黄土冈，上面有一些树林，几间土屋，他们便在途中议定，到这里去借宿。
04-P077,4,采薇,77,"离土冈脚还有十几步，林子里便窜出五个彪形大汉来，头包白布，身穿破衣，为首的拿一把大刀，另外四个都是木棍。到冈下，便一字排开,拦住去路，一同恭敬的点头，大声吆喝道："
04-P078,4,采薇,78,“老先生，您好哇！”
04-P079,4,采薇,79,他们俩都吓得倒退了几步，伯夷竟发起抖来，还是叔齐能干，索性走上前，问他们是什么人，有什么事。
04-P080,4,采薇,80,"“小人就是华山大王小穷奇，""那拿刀的说，“带了兄弟们在这里，要请您老赏一点买路钱！”"
04-P081,4,采薇,81,“我们那里有钱呢，大王。”叔齐很客气的说。“我们是从养老堂里出来的。”
04-P082,4,采薇,82,"“阿呀！”小穷奇吃了一惊，立刻肃然起敬，“那么，您两位一定是‘天下之大老也'23]了。小人们也遵先王遗教,非常敬答，便将大刀一挥，提高了声音道：“如果您老还要谦让，那可小人们只好恭行天搜，瞻仰一下您老的贵体了！”"
04-P083,4,采薇,83,"伯夷叔齐立刻擎起了两只手；一个拿木棍的就来解开他们的皮袍,棉，小衫,细细搜检了一遍。"
04-P084,4,采薇,84,“两个穷光蛋，真的什么也没有！”他满脸显出失望的颜色，转过头去，对小穷奇说。
04-P085,4,采薇,85,"小穷奇看出了伯夷在发抖，便上前去，恭敬的拍拍他肩膀,说道：人，不干这玩意儿的。什么纪念品也没有，只好算我们自己嗨气。现在您只要滚您的蛋就是了！”"
04-P086,4,采薇,86,伯夷没有话好回答，连衣服也来不及穿好，和叔齐迈开大步，眼看着地，向前便跑。这时五个人都已经站在旁边，让出路来了。看见他们在面前走过，便恭敬的垂下双手，同声问道：
04-P087,4,采薇,87,“您走了？您不喝茶了么？”
04-P088,4,采薇,88,“不喝了，不喝了·….”伯夷和叔齐且走且说，一面不住的点着头。
04-P089,4,采薇,89,“归马于华山之阳”和华山大王小穷奇，都使两位义士对华山害怕，于是从新商量，转身向北，讨着饭，晓行夜宿，终于到了首阳山[25
04-P090,4,采薇,90,"这确是一座好山。既不高，又不深,没有大树林,不愁虎狼，也不必防强盗:是理想的幽栖之所。两人到山脚下一看，只见新叶嫩碧，土地金黄，野草里开着些红红白白的小花，真是连看看也赏心悦目。他们就满心高兴，用挂杖点着山径，一步一步的上去,找到上面突出一片石头，好像岩洞的处所，坐了下来，一面擦着汗，一一面喘着气。"
04-P091,4,采薇,91,"这时候，太阳已经西沉，倦鸟归林，啾啾唧唧的叫着，没有上山时候那么清静了，但他们倒觉得也还新鲜，有趣。在铺好羊皮袍,准备就睡之前，叔齐取出两个大饭团，和伯夷吃了一饱。这是沿路讨来的残饭，因为两人曾经议定，“不食周粟”，只好进了首阳山之后开始实行，所以当晚把它吃完，从明天起，就要坚守主义，绝不通融了。"
04-P092,4,采薇,92,"他们一早就被乌老鸦闹醒,后来重又睡去,醒来却已是上午时分。伯夷说腰痛腿酸，简直站不起；叔齐只得独自去走走，看可有可吃的东西。他走了一些时，竟发见这山的不高不深,没有虎狼盗贼，固然是其所长，然而因此也有了缺点：下面就是首阳村，所以不但常有砍柴的老人或女人，并且有进来玩耍的孩子，可吃的野果子之类，一颗也找不出，大约早被他们摘去了。"
04-P093,4,采薇,93,"他自然就想到茯苓。但山上虽然有松树，却不是古松，都好像根上未必有茯苓；即使有，自已也不带锄头，没有法子想。接着又想到苍术，然而他只见过苍术的根，毫不知道那叶子的形状，又不能把满山的草都拔起来看一看，即使苍尤生在眼前，也不能认识。心里一暴躁,满脸发热,就乱抓了一通头皮。"
04-P094,4,采薇,94,"但是他立刻平静了，似乎有了主意，接着就走到松树旁边,摘了一衣兜的松针，又往溪边寻了两块石头，砸下松针外面的青皮,洗过，又细细的砸得好像面饼，另寻一片很薄的石片，拿着回到石洞去了"
04-P095,4,采薇,95,"“三弟,有什么捞儿没有？我是肚子饿的咕噜咕噜响了好半天了。”伯夷一望见他,就问。"
04-P096,4,采薇,96,“大哥，什么也没有。试试这玩意儿罢。”
04-P097,4,采薇,97,他就近拾了两块石头，支起石片来，放上松针面，聚些枯枝，在下面生了火。实在是许多工夫，才听得湿的松针面有些岐岐作响，可也发出一点清香，引得他们咽口水。叔齐高兴得微笑起来了，这是姜太公做八十五岁生日的时候，他去拜寿，在寿霆上听来的方法。
04-P098,4,采薇,98,"发香之后,就发泡，眼见它渐渐的干下去，正是一块糕。叔齐用皮袍袖子裹着手，把石片笑嘻嘻的端到伯夷的面前。伯夷面吹，一面,终于下一角来,连忙塞进嘴里去。"
04-P099,4,采薇,99,"他愈嚼,就愈皱眉，直着脖子咽了几咽，倒哇的一声叶吐出来了，诉苦似的看着叔齐道："
04-P100,4,采薇,100,“苦·.····粗·····.”
04-P101,4,采薇,101,这时候，叔齐真好像落在深潭里，什么希望也没有了。抖抖的也撇了一角，咀嚼起来，可真也毫没有可吃的样子：苦··粗···.·
04-P102,4,采薇,102,"叔齐一下子失了锐气，坐倒了，垂了头。然而还在想，挣扎的想，仿佛是在爬出一个深潭去。爬着爬着，只向前。终于似乎自已变了孩子,还是孤竹君的世子，坐在保姆的膝上了。这保姆是乡下人，在和他讲故事：黄帝打尤，大禹捉无支祁，还有乡下人荒年吃薇菜。"
04-P103,4,采薇,103,他又记得了自已问过薇菜的样子，而且山上正见过这东西。他忽然觉得有了气力，立刻站起身，跨进草丛，一路寻过去。
04-P104,4,采薇,104,"果然，这东西倒不算少,走不到-一里路，就摘了半衣兜。"
04-P105,4,采薇,105,"他还是在溪水里洗了一洗，这才拿回来；还是用那熔过松针面的石片，来烤薇菜。叶子变成暗绿,熟了。但这回再不敢先去敬他的大哥了，撮起一株来,放在自已的嘴里，闭着眼睛，只是嚼。"
04-P106,4,采薇,106,“怎么样？”伯夷焦急的问。
04-P107,4,采薇,107,“鲜的！”
04-P108,4,采薇,108,两人就笑嘻嘻的来尝烤薇菜；伯夷多吃了两，因为他是大哥。
04-P109,4,采薇,109,"他们从此天天采薇菜。先前是叔齐一个人去采，伯夷煮；后来伯夷觉得身体健壮了些，也出去采了。做法也多起来：薇汤,薇羹,薇酱,清炖薇，原汤焖薇芽,生晒嫩薇叶···"
04-P110,4,采薇,110,"然而近地的薇菜,却渐渐的采完，虽然留着根，一时也很难生长，每天非走远路不可了。搬了几回家，后来还是样的结果。而且新住处也逐渐的难找了起来，因为既要薇菜多，又要溪水近，这样的便当之处，在首阳山上实在也不可多得的。叔齐怕伯夷年纪太大了，一不小心会中风，便竭力劝他安坐在家里，仍旧单是担任煮,让自己已独自去采薇。"
04-P111,4,采薇,111,"伯夷逊让了一番之后，倒也应允了，从此就较为安闲自在，然而首阳山上是有人迹的，他没事做，,脾气又有些改变，从沉默成了多话，便不免和孩子去搭，和樵夫去扳谈。也许是因为一一时高兴，或者有人叫他老乞的缘故罢，他竟说出了他们俩原是辽西的孤竹君的儿子,他老大,那一个是老三。父亲在日原是说要传位给老三的，一到死后，老三却一定向他让。他遵父命，省得麻烦,逃走了。不料老三也逃走了。两人在路上遇见，便一同来找西伯一一文王,进了养老堂。又不料现在的周王竟“以臣弑君”起来，所以只好不食周粟，逃上首阳山，吃野菜活命··等到叔齐知道,怪他多嘴的时候，已经传播开去,没法挽救了。但也不敢怎么埋怨他；只在心里想：父亲不肯把位传给他，可也不能不说很有些眼力。"
04-P112,4,采薇,112,"叔齐的预料也并不错：这结果坏得很，不但村里时常讲到他们的事，也常有特地上山来看他们的人。有的当他们名人，有的当他们怪物，有的当他们古董。甚至于跟着看怎样采，围着看怎样吃，指手画脚，问长问短，令人头昏。而且对付还须谦虚，倘使略不小心,皱一皱眉,就难免有人说是“发脾气”。"
04-P113,4,采薇,113,"不过舆论还是好的方面多。后来连小姐太太，也有几个人米看了，回家去都摇头,说是“不好看”，上了一个大当。"
04-P114,4,采薇,114,"终于还引动了首阳村的第一等高人小丙君。他原是姐已的舅公的干女婿，做着祭酒,因为知道天命有归，便带着五十车行李和八百个奴婢，来投明主了。可惜已在会师盟津的前几天，兵马事忙，来不及好好的安插，便留下他四十车货物和七百五十个奴婢，另外给予两顷首阳山下的肥田，叫他在村里研究八卦学。他也喜欢弄文学,村中都是文盲，不懂得文学概论，气闷已久，便叫家丁打轿，找那两个老头子，谈谈文学去了；尤其是诗歌,因为他也是诗人，已经做好一一本诗集子。"
04-P115,4,采薇,115,"然而谈过之后，他一上轿就摇头，回了家，竟至于很有些气愤。他以为那两个家伙是谈不来诗歌的。第一、是穷：谋生之不暇，怎么做得出好诗？第二、是“有所为”，失了诗的“敦厚”;第三、是有议论,失了诗的“温柔”。29]尤其可议的是他们的品格，通体都是矛盾。于是他大义凛然的斩钉截铁的说道："
04-P116,4,采薇,116,"““普天之下,莫非王土’30]难道他们在吃的薇，不是我们圣上的吗！”"
04-P117,4,采薇,117,"这时候，伯夷和叔齐也在一天一天的瘦下去了。这并非为了忙于应酬,因为参观者倒在逐渐的减少。所苦的是薇菜也已经逐渐的减少，每天要找一捧，总得费许多力，走许多路。"
04-P118,4,采薇,118,然而祸不单行。掉在井里面的时候，上面偏又来了一块大石头。
04-P119,4,采薇,119,"有天，他们俩正在吃烤薇菜，不容易找，所以这午餐已在下午了。忽然走来了一个二十来岁的女人，先前是没有见过的,看她模样,好像是阔人家里的婢女。"
04-P120,4,采薇,120,“您吃饭吗？”她问。
04-P121,4,采薇,121,叔齐仰起脸来，连忙陪笑，点点头。
04-P122,4,采薇,122,“这是什么玩意儿呀？”她又问。
04-P123,4,采薇,123,“薇。”伯夷说。
04-P124,4,采薇,124,“怎么吃着这样的玩意儿的呀？”
04-P125,4,采薇,125,“因为我们是不食周粟·
04-P126,4,采薇,126,伯夷刚刚说出口，叔齐赶紧使一个眼色，但那女人好像聪明得很，已经懂得了。她冷笑了下，于是大义凛然的斩钉截铁的说道：
04-P127,4,采薇,127,"““普天之下,莫非王土’,你们在吃的薇,难道不是我们圣上的吗！""]"
04-P128,4,采薇,128,"伯夷和叔齐听得清清楚楚,到了末一句,就好像一个大霹雳，震得他们发昏；待到清醒过来,那鸦头已经不见了。薇，自然是不吃，也吃不下去了，而且连看看也害羞，连要去搬开它，也抬不起手来，觉得仿佛有好几百斤重。"
04-P129,4,采薇,129,"樵夫偶然发见了伯夷和叔齐都缩做团，死在山背后的石洞里，是大约这之后的二十天。并没有烂，虽然因为瘦，但也可见死的并不久；老羊皮袍却没有垫着，不知道弄到那里去了。这消息一传到村子里，又哄动了一大批来看的人，来来往往，一直闹到夜。结果是有几个多事的人，就地用黄土把他们埋起来，还商量立一块石碑,刻上几个字，给后来好做古迹。"
04-P130,4,采薇,130,然而合村里没有人能写字，只好去求小丙君。
04-P131,4,采薇,131,然而小丙君不肯写。
04-P132,4,采薇,132,"“他们不配我来写，”他说。“都是昏蛋。跑到养老堂里来，倒也罢了,可又不肯超然；跑到首阳山里来，倒也罢了，可是还要做诗；做诗倒也罢了，可是还要发感慨，不肯安分守已，“为艺术而艺术’。你瞧,这样的诗,可是有永久性的："
04-P133,4,采薇,133,上那西山呀采它的薇菜，
04-P134,4,采薇,134,强盗来代强盗呀不知道这的不对。
04-P135,4,采薇,135,神农虞夏一下子过去了，我又那里去呢？
04-P136,4,采薇,136,喉喉死罢，命里注定的嗨气!
04-P137,4,采薇,137,"“你瞧，这是什么话？温柔敦厚的才是诗。他们的东西，却不但‘怨’,简直‘骂’了。没有花，只有刺,尚且不可,何况只有骂。即使放开文学不谈，他们撇下祖业，也不是什么孝子，到这里又讥训朝政，更不像个良民我不写！··.."
04-P138,4,采薇,138,文盲们不大懂得他的议论，但看见声势汹汹，知道一定是反对的意思，也只好作罢了。伯夷和叔齐的丧事，就这样的算是告了一段落。
04-P139,4,采薇,139,"然而夏夜纳凉的时候，有时还谈起他们的事情来。有人说是老死的，有人说是病死的，有人说是给抢羊皮袍子的强盗杀死的。后来又有人说其实恐怕是故意饿死的，因为他从小丙君府上的鸦头阿金姐那里听来这之前的十多天,她曾经上Ⅲ去奚落他们了几句，傻瓜总是脾气大，大约就生气了，绝了食撒赖，可是撒赖只落得一个自己死"
04-P140,4,采薇,140,于是许多人就非常佩服阿金姐，说她很聪明，但也有些人怪她太刻薄。
04-P141,4,采薇,141,阿金姐却并不以为伯夷叔齐的死掉，是和她有关系的。自然，她上山去开了几句玩笑，是事实，不过这仅仅是玩笑。那两个傻瓜发脾气，因此不吃薇了，也是事实，不过并没有死，倒招来了很大的运气。
04-P142,4,采薇,142,"“老天爷的心肠是顶好的，”她说。“他看见他们的撒赖，快要饿死了，就吩母鹿，用它的奶去喂他们。您瞧，这不是顶好的福气吗？用不着种地，用不着砍柴，只要坐着，就天天有鹿奶自已送到你嘴里来。可是贱骨头不识抬举，那老三，他叫什么呀,得步进步，喝鹿奶还不够了。他喝着鹿奶，心里想，这鹿有这么胖,杀它来吃,味道一定是不坏的。’一面就慢慢的伸开臂膊，要去拿石片。可不知道鹿是通灵的东西，它已经知道了人的心思，立刻一溜烟逃走了。老天爷也讨厌他们的贪嘴，叫母鹿从此不要去。您瞧，他们还不只好饿死吗？那里是为了我的话,倒是为了自己的贪心,贪嘴呵！··"
04-P143,4,采薇,143,听到这故事的人们，临末都深深的叹一口气，不知怎的，连自已的肩膀也觉得轻松不少了。即使有时还会想起伯夷叔齐来，但恍恍忽忽，好像看见他们奠在石壁下，正在张开白胡子的大口，拼命的吃鹿肉。
05-P001,5,铸剑,1,"眉间尺刚和他的母亲睡下，老鼠便出来咬锅盖，使他听得发烦。他轻轻地吡了几声,最初还有些效验，后来是简直不理他了，格支格支地径自咬。他又不敢大声赶，怕惊醒了白天做得劳乏,晚上一躺就睡着了的母亲。"
05-P002,5,铸剑,2,"许多时光之后，平静了；他也想睡去。忽然，扑通→声，惊得他又静开眼。同时听到沙沙地响,是爪子抓着瓦器的声音。"
05-P003,5,铸剑,3,“好！该死！”他想着，心里非常高兴，-一面就轻轻地坐起来。
05-P004,5,铸剑,4,"他跨下床，借着月光走向门背后，摸到钻火家伙，点上松明，向水瓮里一照。果然，一匹很大的老鼠落在那里面了；但是,存水已经不多,爬不出来，只沿着水瓮内壁，抓着，团团地转圈子。"
05-P005,5,铸剑,5,"“活该！”他一想到夜夜咬家具，闹得他不能安稳睡觉的便是它们，很觉得畅快。他将松明插在土墙的小孔里，赏玩着；然而那圆的小眼晴，又使他发生了憎恨，伸手抽出一根芦柴,将它直按到水底去。过了一会，才放手,那老鼠也随着浮了上来，还是抓着瓮壁转圈子。只是抓劲已经没有先前似的有力，眼晴也淹在水里面，单露出一一点尖尖的通红的小鼻子，咻咻地急促地喘气。"
05-P006,5,铸剑,6,"他近来很有点不大喜欢红鼻子的人。但这回见了这尖尖的小红鼻子，却忽然觉得它可怜了，就又用那芦柴，伸到它的肚下去，老鼠抓着,歇了一回力，便沿着芦干爬了上来。待到他看见全身，一一湿淋淋的黑毛，大的肚子，蜥蚓似的尾巴，一—一便又觉得可恨可憎得很,慌忙将芦柴一抖,扑通一声，老鼠又落在水瓮里，他接着就用芦柴在它头上捣了几下，叫它赶快沉下去。"
05-P007,5,铸剑,7,"换了六回松明之后,那老鼠已经不能动弹，不过沉浮在水中间,有时还向水面微微一跳。眉间尺又觉得很可岭，随即折断芦柴，好容易将它夹了出来,放在地面上。老鼠先是丝毫不动,后来才有一点呼吸；又许多时，,四只脚运动了，一翻身，似乎要站起来逃走。这使眉间尺大吃一惊，不觉提起左脚，一脚踏下去。只听得岐的一声，他鳟下去仔细看时，只见口角上微有鲜血，大概是死掉了。"
05-P008,5,铸剑,8,他又觉得很可怜，仿佛自已作了大恶似的，非常难受。他着，呆看着，站不起来。
05-P009,5,铸剑,9,“尺儿，你在做什么？”他的母亲已经醒来了，在床上问。
05-P010,5,铸剑,10,"“老鼠·。”他慌忙站起,回转身去,却只答了两个字。"
05-P011,5,铸剑,11,"“是的,老鼠。这我知道。可是你在做什么？杀它呢，还是在救它？”"
05-P012,5,铸剑,12,他没有回答。松明烧尽了；他默默地立在暗中，渐看见月光的皎洁。
05-P013,5,铸剑,13,"“喉！""他的母亲叹息说，“一交子时,你就是十六岁了，性情还是那样，不冷不热地，一点也不变。看来，你的父亲的仇是没有人报的了。”"
05-P014,5,铸剑,14,他看见他的母亲坐在灰白色的月影中，仿佛身体都在颤动；低微的声音里，含着无限的悲哀，使他冷得毛骨悚然，而一转眼间，又觉得热血在全身中忽然腾沸。
05-P015,5,铸剑,15,“父亲的仇？父亲有什么仇呢？”他前进几步，惊急地问。
05-P016,5,铸剑,16,"“有的。还要你去报。我早想告诉你的了；只因为你太小，没有说。现在你已经成人了,却还是那样的性情。这教我怎么办呢？你似的性情,能行大事的么？”"
05-P017,5,铸剑,17,"“能。说罢,母亲。我要改过……。”"
05-P018,5,铸剑,18,“自然。我也只得说。你必须改过。那么，走过来罢。”
05-P019,5,铸剑,19,他走过去；他的母亲端坐在床上，在暗白的月影里，两眼发出闪闪的光芒。
05-P020,5,铸剑,20,"“听哪！”她严肃地说，“你的父亲原是一个铸剑的名工，天下第一。他的工具,我早已都卖掉了来救了穷了，你已经看不见一点遗迹；但他是一个世上无二的铸剑的名工。二十年前，王妃生下了一块铁,听说是抱了一回铁柱之后受孕的,是块纯青透明的铁。大王知道是异宝，便决计用来铸一把剑，想用它保国,用它杀敌,用它防身。不幸你的父亲那时偏偏人了选，便将铁捧回家里来，日日夜夜地锻炼，费了整三年的精神，炼成两把剑。"
05-P021,5,铸剑,21,"当最末次开炉的那一日，是怎样地骇人的景象呵！哗拉拉地腾上一道白气的时候，地面也觉得动摇。那白气到天半便变成白云，罩住了这处所，渐渐现出红颜色，映得一切都如桃花。我家的漆黑的炉子里，是躺着通红的两把剑。你父亲用井华水慢慢地滴下去,那剑嘶嘶地吼着，慢慢转成青色了。这样地七日七夜，就看不见了剑，仔细看时，却还在炉底里，纯青的,透明的，正像两条冰。"
05-P022,5,铸剑,22,“大欢喜的光采，便从你父亲的眼晴里四射出来；他取起剑，拂拭着，拂拭着。然而悲惨的皱纹，却也从他的眉头和嘴角出现了。他将那两把剑分装在两个厘子里。
05-P023,5,铸剑,23,“‘你只要看这几天的景象，就明白无论是谁，都知道剑已炼就的了。'他悄悄地对我说。‘一到明天，我必须去献给大王。但献剑的一天，也就是我命尽的日子。怕我们从此要长别了。'
05-P024,5,铸剑,24,"““你·…·。'我很骇异,猜不透他的意思，不知怎么说的好。我只是这样地说：‘你这回有了这么大的功劳··。”"
05-P025,5,铸剑,25,““喉！你怎么知道呢！'他说。‘大王是向来善于猜疑，又极残忍的。这回我给他炼成了世间无二的剑，他一定要杀掉我，免得我再去给别人炼剑，来和他匹敌，或者超过他。
05-P026,5,铸剑,26,“我掉泪了。
05-P027,5,铸剑,27,"““你不要悲哀。这是无法逃避的。眼泪决不能洗掉运命。我可是早已有准备在这里了！他的眼里忽然发出电火似的光芒,将一个剑匣厘放在我膝上。‘这是雄剑。’他说。“你收着。明天,我只将这雌剑献给大王去。倘若我一去竟不回来了呢,那是我一定不再在人间了。你不是怀孕已经五六个月了么？不要悲哀;待生了孩子，好好地抚养。一到成人之后，你便交给他这雄剑，教他砍在大王的颈子上，给我报仇！，”"
05-P028,5,铸剑,28,“那天父亲回来了没有呢？”眉间尺赶紧问。
05-P029,5,铸剑,29,"“没有回来！”她冷静地说。“我四处打昕，也查无消息。后来听得人说，第个用血来饲你父亲自己炼成的剑的人，就是他自已一一你的父亲。还怕他鬼魂作怪,将他的身首分埋在前门和后苑了！”"
05-P030,5,铸剑,30,眉间尺忽然全身都如烧着猛火，自已觉得每一枝毛发上都仿佛闪出火星来。他的双拳，在暗中捏得格格地作响。
05-P031,5,铸剑,31,他的母亲站起了，揭去床头的木板，下床点了松明，到门背后取过一把锄，交给眉间尺道：“掘下去！”
05-P032,5,铸剑,32,眉间尺心跳着，但很沉静的一锄一轻轻地掘下去。掘出来的都是黄土，约到五尺多深，土色有些不同了，似乎是烂掉的材木。
05-P033,5,铸剑,33,“看罢！要小心！”他的母亲说。
05-P034,5,铸剑,34,"眉间尺伏在掘开的洞穴旁边，伸手下去，谨慎小心地撮开烂树，待到指尖一冷，有如触着冰雪的时候，那纯青透明的剑也出现了。他看清了剑靶,捏着,提了出来。"
05-P035,5,铸剑,35,窗外的星月和屋里的松明似乎都骤然失了光辉，惟有青光充塞宇内。那剑便溶在这青光中，看去好像一无所有。眉间尺凝神细视，这才仿佛看见长五尺余，却并不见得怎样锋利，剑口反而有些浑圆，正如一片韭叶。
05-P036,5,铸剑,36,“你从此要改变你的优柔的性情，用这剑报仇去！”他的母亲说。
05-P037,5,铸剑,37,“我已经改变了我的优柔的性情，要用这剑报仇去！”
05-P038,5,铸剑,38,“但愿如此。你穿了青衣，背上这剑，衣剑一色，谁也看不分明的。衣服我已经做在这里，明天就上你的路去罢。不要记念我！”她向床后的破衣箱一指，说。
05-P039,5,铸剑,39,"眉间尺取出新衣,试去一穿，长短正很合式。他便重行叠好，裹了剑，放在枕边，沉静地躺下。他觉得自已已经改变了优柔的性情；他决心要并无心事一般，倒头便睡，清晨醒来，毫不改变常态，从容地去寻他不共戴天的仇離。"
05-P040,5,铸剑,40,但他醒着。他翻来覆去，总想坐起来。他听到他母亲的失望的轻轻的长叹。他听到最初的鸡鸣；他知道已交子时，自已是上了十六岁了。
05-P041,5,铸剑,41,"当眉间尺肿着眼眶，头也不回的跨出门外，穿着青衣，背着青剑，迈开大步，径奔城中的时候，东方还没有露出阳光。杉树林的每片叶尖,都挂着露珠,其中隐藏着夜气。但是，待到走到树林的那一头，露珠里却闪出各样的光辉,渐渐幻成晓色了。远望前面,便依稀看见灰黑色的城墙和雉蝶"
05-P042,5,铸剑,42,"和挑葱卖菜的一同混人城里，街市上已经很热闹。男人们一排一排的呆站着；女人们也时时从门里探出头来。她们大半也肿着眼眶;蓬着头;黄黄的脸,连脂粉也不及涂抹。"
05-P043,5,铸剑,43,眉间尺预觉到将有巨变降临，他们便都是焦躁而忍耐地等候着这巨变的。
05-P044,5,铸剑,44,他径自向前走；一个孩子突然跑过来，几乎碰着他背上的剑尖，使他吓出了一身汗。转出北方，离王宫不远，人们就挤得密密层层，都伸着脖子。人丛中还有女人和孩子哭的声音。他怕那看不见的雄剑伤了人，不敢挤进去；然而人们却又在背后拥上来。他只得宛转地退避；面前只看见人们的背脊和伸长的脖子。
05-P045,5,铸剑,45,"忽然，前面的人们都陆续跪倒了；远远地有两匹马并着跑过来。此后是拿着木棍，戈，刀，弓弩，旌旗的武人，走得满路黄尘滚滚。又来了一辆四匹马拉的大车，上面坐着一队人，有的打钟击鼓,有的嘴上吹着不知道叫什么名目的劳什子此后又是车,里面的人都穿画衣,不是老头子，便是矮胖子，个个满脸油汗。接着又是一队拿刀枪剑戟的骑士。跪着的人们便都伏下去了。这时眉间尺正看见一辆黄盖的大车驰来，正中坐着一个画衣的胖子，花白胡子，小脑袋；腰间还依稀看见佩着和他背上一样的青剑。"
05-P046,5,铸剑,46,他不觉全身一冷，但立刻又灼热起来，像是猛火焚烧着。他一面伸手向肩头捏住剑柄，一面提起脚，便从伏着的人们的脖子的空处跨出去。
05-P047,5,铸剑,47,但他只走得五六步，就跌了一个倒栽葱，因为有人突然捏住了他的一只脚。这一跌又正压在一个干脸的少年身上;他正怕剑尖伤了他，吃惊地起来看的时候，肋下就挨了很重的两拳。他也不暇计较，再望路土，不但黄盖车已经走过，连拥护的骑士也过去了一大阵了。
05-P048,5,铸剑,48,"路旁的一切人们也都爬起来。干瘾脸的少年却还扭住了眉间尺的衣领,不肯放手,说被他压坏了贵重的丹田，必须保险，倘若不到八十岁便死掉了，就得抵命。闲人们又即刻围上来，呆看着，但谁也不开口；后来有人从旁笑骂了几句，却全是附和干脸少年的。眉间尺遇到了这样的敌人，真是怒不得，笑不得，只觉得无聊,却又脱身不得。这样地经过了煮熟一锅小米的时光，眉间尺早已焦躁得浑身发火，看的人却仍不见减，还是津津有味似的。"
05-P049,5,铸剑,49,"前面的人圈子动摇了，挤进一个黑色的人来，黑须黑眼睛,瘦得如铁。他并不言语，只向眉间尺冷冷地一一笑，面举手轻轻地一拨干脸少年的下巴，并且看定了他的脸。那少年也向他看了一会，不觉慢慢地松了手，溜走了；那人也就溜走了；看的人们也都无聊地走散。只有几个人还来问眉间尺的年纪，住址，家里可有姊姊。眉间尺都不理他们。"
05-P050,5,铸剑,50,"他向南走着；心里想,城市中这么热闹，容易误伤，还不如在南门外等候他回来，给父亲报仇罢，那地方是地旷人稀，实在很便于施展。这时满城都议论着国王的游山，仪仗，威严，自已得见国王的荣耀，以及俯伏得有怎么低，应该采作国民的模范等等,很像蜜蜂的排衙[9。直至将近南门,这才渐渐地冷静。"
05-P051,5,铸剑,51,他走出城外，坐在一株大桑树下，取出两个馒头来充了饥；吃着的时候忽然记起母亲来，不觉眼鼻一酸，然而此后倒也没有什么。周围是一步一步地静下去了，他至于很分明地听到自己已的呼吸。
05-P052,5,铸剑,52,天色愈暗，他也愈不安，尽自力望着前方，毫不见有国王回来的影子。上城卖菜的村人，个个挑着空担出城回家去了。
05-P053,5,铸剑,53,人迹绝了许久之后，忽然从城里闪出那一个黑色的人来。
05-P054,5,铸剑,54,“走罢，眉间尺！国王在捉你了！”他说，声音好像。
05-P055,5,铸剑,55,眉间尺浑身一颤，中了魔似的，立即跟着他走；后来是飞奔。他站定了喘息许多时，才明白已经到了杉树林边。后面远处有银白的条纹，是月亮已从那边出现；前面却仅有两点磷火一般的那黑色人的眼光。
05-P056,5,铸剑,56,“你怎么认识我？··….”他极其煌骇地问。
05-P057,5,铸剑,57,“哈哈！我一向认识你。那人的声音说。“我知道你背着雄剑，要给你的父亲报仇，我也知道你报不成。岂但报不成；今天已经有人告密，你的仇人早从东门还宫，下令捕拿你了。”
05-P058,5,铸剑,58,眉间尺不觉伤心起来。
05-P059,5,铸剑,59,“喉喉，母亲的叹息是无怪的。”他低声说。
05-P060,5,铸剑,60,“但她只知道一半。她不知道我要给你报仇。
05-P061,5,铸剑,61,“你么？你肯给我报仇么，义士？”
05-P062,5,铸剑,62,“阿，你不要用这称呼来冤枉我。”
05-P063,5,铸剑,63,“那么，你同情于我们孤儿寡妇？
05-P064,5,铸剑,64,“喉，孩子，你再不要提这些受了污辱的名称。”他严冷地说，“仗义，同情，那些东西，先前曾经干净过，现在却都成了放鬼债的资本。我的心里全没有你所谓的那些。我只不过要给你报仇！”
05-P065,5,铸剑,65,“好。但你怎么给我报仇呢？”
05-P066,5,铸剑,66,“只要你给我两件东西。”两粒磷火下的声音说。“那两件么？你听着：一是你的剑，二是你的头！'
05-P067,5,铸剑,67,"眉间尺虽然觉得奇怪,有些狐疑,却并不吃惊。他一一时开不得口。"
05-P068,5,铸剑,68,"“你不要疑心我将骗取你的性命和宝贝。”暗中的声音又严冷地说。“这事全由你。你信我,我便去；你不信，我便住。”"
05-P069,5,铸剑,69,“但你为什么给我去报仇的呢？你认识我的父亲么？”
05-P070,5,铸剑,70,"“我一向认识你的父亲，也如一向认识你一样。但我要报仇,却并不为此。聪明的孩子，告诉你罢。你还不知道么，我怎么地善于报仇。你的就是我的；他也就是我。我的魂灵上是有这么多的，人我所加的伤,我已经憎恶了我自已！”"
05-P071,5,铸剑,71,暗中的声音刚刚停止，眉间尺便举手向肩头抽取青色的剑，顺手从后项窝向前一削，头颅坠在地面的青苔上，面将剑交给黑色人。
05-P072,5,铸剑,72,"“啊啊！”他--手接剑，一手捏着头发，提起眉间尺的头来，对着那热的死掉的嘴唇,接吻两次，并且冷冷地尖利地笑。"
05-P073,5,铸剑,73,"笑声即刻散布在杉树林中，深处随着有一群磷火似的眼光闪动，候忽临近,听到咻咻的饿狼的喘息。第一口撕尽了眉间尺的青衣，第二口便身体全都不见了，血痕也颅刻舔尽，只微微听得咀嚼骨头的声音。"
05-P074,5,铸剑,74,最先头的一匹大狼就向黑色人扑过来。他用青剑一挥，狼头便坠在地面的青苔上。别的狼们第一口撕尽了它的皮，第二口便身体全都不见了，血痕也顷刻舔尽，只微微听得咀嚼骨头的声音。
05-P075,5,铸剑,75,他已经墅起地上的青衣，包了眉间尺的头，和青剑都背在背脊上，回转身，在暗中向王城扬长地走去。
05-P076,5,铸剑,76,"狼们站定了,箕着肩，伸出舌头，咻咻地喘着，放着绿的眼光看他扬长地走。"
05-P077,5,铸剑,77,他在暗中向王城扬长地走去，发出尖利的声音唱着歌：
05-P078,5,铸剑,78,哈哈爱兮爱乎爱乎！
05-P079,5,铸剑,79,爱青剑兮一个仇人自屠。
05-P080,5,铸剑,80,颐连翩兮多少一夫。
05-P081,5,铸剑,81,一夫爱青剑兮鸣呼不孤。
05-P082,5,铸剑,82,头换头兮两个仇人自屠。
05-P083,5,铸剑,83,一夫则无兮爱乎鸣呼！
05-P084,5,铸剑,84,爱乎鸣呼兮鸣呼阿呼，
05-P085,5,铸剑,85,阿呼鸣呼兮鸣呼鸣呼！
05-P086,5,铸剑,86,游山并不能使国王觉得有趣加上了路上将有刺客的密报，更使他扫兴而还。那夜他很生气，说是连第九个妃子的头发，也没有昨天那样的黑得好看了。幸而她撒娇坐在他的御膝上，特别扭了七十多回，这才使龙眉之间的皱纹渐渐地舒展。
05-P087,5,铸剑,87,"午后，国王一起身,就又有些不高兴,待到用过午膳，简直现出怒容来。"
05-P088,5,铸剑,88,“喉喉！无聊！”他打一个大啊欠之后，高声说。
05-P089,5,铸剑,89,"上自王后，下至弄臣，看见这情形，都不觉手足无措。白须老臣的讲道,矮胖侏儒的打浑,王是早已听厌的了;近来便是走索，缘竿，抛丸，倒立，吞刀，吐火等等奇妙的把戏，也都看得毫无意味。他常常要发怒；一发怒，便按着青剑，总想寻点小错处，杀掉儿几个人。"
05-P090,5,铸剑,90,"偷空在宫外闲游的两个小宦官,刚刚回来，一看见宫里面大家的愁苦的情形，便知道又是照例的祸事临头了，一个吓得面如土色；一个却像是大有把握一般，不慌不忙，跑到国王的面前，俯伏着，说道："
05-P091,5,铸剑,91,“奴才刚才访得一个异人，很有异术，可以给大王解闷，因此特来奏闻。”
05-P092,5,铸剑,92,“什么？！”王说。他的话是一向很短的。
05-P093,5,铸剑,93,"“那是一个黑瘦的，乞丐似的男子。穿—身青衣，背着个圆圆的青包裹；嘴里唱着胡谄的歌。人问他。他说善于玩把戏，空前绝后，举世无双，人们从来就没有看见过；一一见之后，便即解烦释闷，天下太平。但大家要他玩，他却又不肯。说是第一须有一条金龙,第二须有一个金鼎。···.."
05-P094,5,铸剑,94,“金龙？我是的。金鼎？我有。”
05-P095,5,铸剑,95,“奴才也正是这样想。
05-P096,5,铸剑,96,“传进来！”
05-P097,5,铸剑,97,话声未绝，四个武士便跟着那小宦官疾趋而出。上自王后，下至弄臣，个个喜形于色。他们都愿意这把戏玩得解愁释闷，天下太平；即使玩不成，这回也有了那乞似的黑瘦男子来受祸，他们只要能到传了进来的时候就好了。
05-P098,5,铸剑,98,"并不要许多工夫，就望见六个人向金阶趋进。先头是宦官,后面是四个武士，中间夹着一个黑色人。待到近来时,那人的衣服却是青的，须眉头发都黑；瘦得颤骨，眼圈骨，眉棱骨都高高地突出来。他恭敬地跪着俯伏下去时，果然看见背上有一个圆圆的小包，青色布，上面还画上一些暗红色的花纹。"
05-P099,5,铸剑,99,“奏来！”王暴躁地说。他见他家伙简单，以为他未必会玩什么好把戏。
05-P100,5,铸剑,100,"“臣名叫宴之敖者;生长汶汶乡。少无职业;晚遇明师,教臣把戏,是一个孩子的头。这把戏个人玩不起来，必须在金龙之前,摆一个金鼎,注满清水,用兽炭煎熬。于是放下孩子的头去，一到水沸,这头便随波上下,跳舞百端，且发妙音,欢喜歌唱。这歌舞为一人所见，便解愁释闷，为万民所见,便天下太平。”"
05-P101,5,铸剑,101,“玩来！”王大声命令说。
05-P102,5,铸剑,102,"并不要许多工夫，一个煮牛的大金鼎便摆在殿外，注满水，下面堆了兽炭，点起火来。那黑色人站在旁边，见炭火一红，便解下包，打开，两手捧出孩子的头来，高高举起。那头是秀眉长眼,皓齿红唇;脸带笑容；头发蓬松，正如青烟一阵。黑色人捧着向四面转了一圈，便伸手擎到鼎上,动着嘴唇说了几句不知什么话,随即将手一松，只听得扑通一声，坠人水中去了。水花同时溅起，足有五尺多高，此后是一切平静。"
05-P103,5,铸剑,103,许多工夫，还无动静。国王首先暴躁起来，接着是王后和妃子，大臣，宦官们也都有些焦急，矮胖的侏儒们则已经开始冷笑了。王一见他们的冷笑，便觉自已受愚，回顾武士，想命令他们就将那欺君的莠民掷人牛鼎里去煮杀
05-P104,5,铸剑,104,但同时就听得水沸声；炭火也正旺，映着那黑色人变成红黑，如铁的烧到微红。王刚又回过脸来，他也已经伸起两手向天，眼光向着无物，舞蹈着，忽地发出尖利的声音唱起歌来：
05-P105,5,铸剑,105,哈哈爱兮爱乎爱乎！
05-P106,5,铸剑,106,爱兮血兮兮谁乎独无。
05-P107,5,铸剑,107,民萌冥行兮一夫壶卢。
05-P108,5,铸剑,108,彼用百头颅，千头颅兮用万头！
05-P109,5,铸剑,109,我用一头兮而无万夫。
05-P110,5,铸剑,110,爱一头颅兮血乎鸣呼！
05-P111,5,铸剑,111,血乎鸣呼兮鸣呼阿呼，
05-P112,5,铸剑,112,阿呼鸣呼兮鸣呼鸣呼！
05-P113,5,铸剑,113,"随着歌声，水就从鼎口涌起，上尖下广，像一座小山，但自水尖至鼎底，不住地回旋运动。那头即随水上上下下,转着圈子，一面又滴溜溜自己翻筋斗，人们还可以隐约看见他玩得高兴的笑容。过了些时，突然变了逆水的游泳，打旋子夹着穿梭,激得水花向四面飞溅,满庭洒下一阵热雨来。一个侏儒忽然叫了一声,用手摸着自己的鼻子。他不幸被热水烫了～下，又不耐痛,终于免不得出声叫苦了。"
05-P114,5,铸剑,114,"黑色人的歌声才停,那头也就在水中央停住，面向王殿，颜色转成端庄。这样的有十余瞬息之久，才慢慢地上下抖动；从抖动加速而为起伏的游泳，但不很快，态度很雍容。绕着水边一高低地游了三匝，忽然静大眼睛晴，漆黑的眼珠显得格外精采，同时也开口唱起歌来："
05-P115,5,铸剑,115,王泽流兮浩洋洋；
05-P116,5,铸剑,116,克服怨敌，怨敌克服兮，赫兮强！
05-P117,5,铸剑,117,宇宙有穷止兮万寿无疆。
05-P118,5,铸剑,118,幸我来也兮青其光！
05-P119,5,铸剑,119,青其光兮永不相忘。
05-P120,5,铸剑,120,异处异处兮堂哉皇！
05-P121,5,铸剑,121,堂哉皇哉兮暖暖啃，
05-P122,5,铸剑,122,嵯来归来，嵯来陪来兮青其光！
05-P123,5,铸剑,123,头忽然升到水的尖端停住；翻了几个筋斗之后，上下升降起来，眼珠向着左右臀视，十分秀媚，嘴里仍然唱着歌：
05-P124,5,铸剑,124,阿呼鸣呼兮鸣呼鸣呼，
05-P125,5,铸剑,125,爱乎鸣呼兮鸣呼阿呼！
05-P126,5,铸剑,126,血头颅兮爱乎鸣呼。
05-P127,5,铸剑,127,我用一头颅兮而无万夫！
05-P128,5,铸剑,128,彼用百头颅，千头颅·…
05-P129,5,铸剑,129,唱到这里，是沉下去的时候，但不再浮上来了；歌词也不能辨别。涌起的水，也随着歌声的微弱，渐渐低落，像退潮般，终至到鼎口以下，在远处什么也看不见。
05-P130,5,铸剑,130,“怎了？”等了一会，王不耐烦地问。
05-P131,5,铸剑,131,“大王，”那黑色人半跪着说。“他正在鼎底里作最神奇的团圆舞，不临近是看不见的。臣也没有法术使他上来，因为作团圆舞必须在鼎底里。”
05-P132,5,铸剑,132,"王站起身，跨下金阶，冒着炎热立在鼎边，探头去看。只见水平如镜，那头仰面躺在水中间，两眼正看着他的脸。待到王的眼光射到他脸上时，他便嫣然一笑。这一笑使王觉得似曾相识,却又一时记不起是谁来。刚在惊疑，黑色人已经出了背着的青色的剑，只一挥，闪电般从后项窝直劈下去，扑通一声，王的头就落在鼎里了。"
05-P133,5,铸剑,133,"仇人相见，本来格外眼明,况且是相逢狭路。王头刚到水面，眉间尺的头便迎上来,很命在他耳轮上咬了一口。鼎水即刻沸涌，澎湃有声；两头即在水中死战。约有二十回合，王头受了五个伤，眉间尺的头上却有七处。王又狡猬，总是设法绕到他的敌人的后面去。眉间尺偶一疏忽，终于被他咬住了后项窝，无法转身。这一回王的头可是咬定不放了，他只是连连蚕食进去；连鼎外面也仿佛听到孩子的失声叫痛的声音。"
05-P134,5,铸剑,134,"上自王后，下至弄臣，骇得凝结着的神色也应声活动起来，似乎感到暗无天日的悲哀，皮肤上都-一一粒一粒地起粟；然而又夹着秘密的欢喜,瞪了眼，像是等候着什么似的。"
05-P135,5,铸剑,135,"黑色人也仿佛有些惊慌，但是面不改色。他从从容容地伸开那捏着看不见的青剑的臂膊，如一段枯枝；伸长颈子，如在细看鼎底。臂膊忽然一弯,青剑便寡地从他后面劈下，剑到头落，坠人鼎中,渊的一声,雪白的水花向着空中同时四射。"
05-P136,5,铸剑,136,"他的头一人水，即刻直奔王头，一口咬住了王的鼻子，几乎要咬下来。王忍不住叫一声“阿啃”,将嘴一张，眉间尺的头就乘机挣脱了，一转脸倒将王的下巴下死劲咬住。他们不但都不放，还用全力上下一撕，撕得王头再也合不上嘴。于是他们就如饿鸡啄米一般，一顿乱咬，咬得王头眼歪鼻塌，满脸鳞伤。先前还会在鼎里面四处乱滚，后来只能躺着吟，到底是一声不响，只有出气,没有进气了。"
05-P137,5,铸剑,137,"黑色人和眉间尺的头也慢慢地住了嘴，离开王头，沿鼎壁游了一匝，看他可是装死还是真死。待到知道了王头确已断气,便四目相视,微微一笑,随即合上眼睛,仰面向天,沉到水底里去了。"
05-P138,5,铸剑,138,烟消火灭；水波不兴。特别的寂静倒使殿上殿下的人们警醒。他们中的一个首先叫了一声，大家也立刻迭连惊叫起来；一个迈开腿向金鼎走去，大家便争先恐后地拥上去了。有挤在后面的，只能从人脖子的空隙间向里面窥探。
05-P139,5,铸剑,139,热气还炙得人脸上发烧。鼎里的水却一平如镜，上面浮着一层油，照出许多人脸孔：王后，王妃，武土，老臣，侏儒，太监。·
05-P140,5,铸剑,140,“阿呀，天哪！咱们大王的头还在里面哪，！”第六个妃子忽然发狂似的哭曦起来。
05-P141,5,铸剑,141,"上自王后，下至弄臣，也都恍然大悟，仓皇散开，急得手足无措,各自转了四五个圈子。一个最有谋略的老臣独又上前，伸手向鼎边一摸，然而浑身一抖，立刻缩了回来，伸出两个指头，放在口边吹个不住。"
05-P142,5,铸剑,142,"大家定了定神,便在殿门外商议打捞办法。约略费去了煮熟三锅小米的工夫，总算得到一种结果，是：到大厨房去调集了铁丝勺子，命武士协力捞起来。"
05-P143,5,铸剑,143,"器具不久就调集了，铁丝勺，漏勺，金盘，擦桌布，都放在鼎旁边。武士们便擅起衣袖,有用铁丝勺的，有用漏勺的，一齐恭行打捞。有勺子相触的声音,有勺子刮着金鼎的声音；水是随着勺子的搅动而旋绕着。好一会，一个武士的脸色忽而很端庄了，极小心地两手慢慢举起了勺子，水滴从勺孔中珠子一般漏下，勺里面便显出雪白的头骨来。大家惊叫了-声；他便将头骨倒在金盘里。"
05-P144,5,铸剑,144,“阿呀！我的大王呀！”王后，妃子，老臣，以至太监之类，都放声哭起来。但不久就陆续停止了，因为武士又捞起了一个同样的头骨。
05-P145,5,铸剑,145,他们泪眼模胡地四顾，只见武士们满脸油汗，还在打捞。此后捞出来的是一团糟的白头发和黑头发；还有几勺很短的东西，似乎是白胡须和黑胡须。此后又是一个头骨。此后是三枝簪。
05-P146,5,铸剑,146,直到鼎里面只剩下清汤，才始住手；将捞出的物件分盛了三金盘：一盘头骨，一盘须发，一盘替。
05-P147,5,铸剑,147,“咱们大王只有一个头。那一个是咱们大王的呢？”第九个妃子焦急地问。
05-P148,5,铸剑,148,“是阿·。老臣们都面面相觀。
05-P149,5,铸剑,149,“如果皮肉没有煮烂，那就容易辨别了。”一个侏儒跪着
05-P150,5,铸剑,150,大家只得平心静气，去细看那头骨，但是黑白大小，都差不多，连那孩子的头，也无从分辨。王后说王的右额上有个疤，是做太子时候跌伤的，怕骨上也有痕迹。果然，侏儒在一个头骨上发见了；大家正在欢喜的时候，另外的一个侏儒却又在较黄的头骨的右额上看出相仿的瘢痕来。是很高的。”
05-P151,5,铸剑,151,"太监们即刻动手研究鼻准骨,有一个确也似乎比较地高，但究竟相差无几；最可惜的是右额上却并无跌伤的瘢痕。"
05-P152,5,铸剑,152,“况且，”老臣们向太监说，“大王的后枕骨是这么尖的么？”
05-P153,5,铸剑,153,“奴才们向来就没有留心看过大王的后枕骨··。
05-P154,5,铸剑,154,"王后和妃子们也各自回想起来，有的说是尖的，有的说是平的。叫梳头太监来问的时候,却句话也不说。"
05-P155,5,铸剑,155,"当夜便开了一个王公大臣会议,想决定那一个是王的头，但结果还同白天一样。并且连须发也发生了问题。白的自然是王的，然而因为花白，所以黑的也很难处置。讨论了小半夜，只将几根红色的胡子选出；接着因为第九个王妃抗议，说她确曾看见王有几根通黄的胡子,现在怎么能知道决没有根红的呢。于是也只好重行归并,作为疑案了。"
05-P156,5,铸剑,156,"到后半夜，还是毫无结果。大家却居然一面打啊欠，面继续讨论，直到第二次鸡鸣,这才决定了一个最慎重妥善的办法，是：只能将三个头骨都和王的身体放在金棺里落葬。"
05-P157,5,铸剑,157,"七天之后是落葬的日期，合城很热闹。城里的人民，远处的人民，都奔来瞻仰国王的“大出丧”。天一亮，道上已经挤满了男男女女；中间还夹着许多祭桌。待到上午,清道的骑土才缓箸而来。又过了不少工夫，才看见仪仗,什么旌旗，木棍，戈戟，弓，黄之类；此后是四辆鼓吹车。再后面是黄盖随着路的不平而起伏着,并且渐渐近来了，于是现出灵车，上载金棺,棺里面藏着三个头和一个身体。"
05-P158,5,铸剑,158,"百姓都跪下去,祭桌便一列一列地在人丛中出现。几个义民很忠愤，咽着泪，怕那两个大逆不道的逆贼的魂灵，此时也和王一同享受祭礼，然而也无法可施。"
05-P159,5,铸剑,159,此后是王后和许多王妃的车。百姓看她们，她们也看百姓，但哭着。此后是大臣，太蓝，侏儒等辈，都装着衰戚的颜色。只是百姓已经不看他们，连行列也挤得乱七八糟，不成样子了。
06-P001,6,出关,1,"“先生,孔丘又来了！”他的学生庚桑楚,不耐烦似的走进来，轻轻的说。"
06-P002,6,出关,2,“请··.”
06-P003,6,出关,3,“先生，您好吗？”孔子极恭敬的行着礼，一面说。
06-P004,6,出关,4,“我总是这样子，”老子答道。“您怎么样？所有这里的藏书，都看过了罢？”
06-P005,6,出关,5,“都看过了。不过”孔子很有些焦躁模样，这是他从来所没有的。“我研究《诗》，《书》《礼》，《乐》，《易》，《春秋》六经，自以为很长久了，够熟透了。去拜见了七十二位主子，谁也不采用。人可真是难得说明白阿。还是‘道’的难以说明白呢？”
06-P006,6,出关,6,"“你还算运气的哩，”老子说，“没有遇着能干的主子。六经这玩艺儿，只是先王的陈迹呀。那里是弄出迹来的东西呢？你的话，可是和迹一样的。迹是鞋子踏成的，但迹难道就是鞋子吗？”停了一会，又接着说道：“白鹏们只要瞧着，眼珠子动也不动，然而自然有孕；虫呢，雄的在上风叫，雌的在下风应，自然有孕;类是一身上兼具雌雄的,所以自然有孕。性,是不能改的；命,是不能换的;时，是不能留的;道,是不能塞的。只要"
06-P007,6,出关,7,孔子好像受了当头一棒，亡魂失魄的坐着，恰如一段呆木头。
06-P008,6,出关,8,大约过了八分钟，他深深的倒抽了一口气，就起身要告辞，面照例很客气的致谢着老子的教训。
06-P009,6,出关,9,老子也并不挽留他，站起来扶着挂杖，一直送他到图书馆的大门外。孔子就要上车了，他才留声机似的说道：
06-P010,6,出关,10,“您走了？您不喝点儿茶去吗？
06-P011,6,出关,11,"孔子答应着“是是”，上了车,拱着两只手极恭敬的靠在横走动了。待到车子离开了大门十几步，老子才回进自已的屋里去。"
06-P012,6,出关,12,"“先生今天好像很高兴，”庚桑楚看老子坐定了，才站在旁边，垂着手,说。“话说的很不少·"
06-P013,6,出关,13,"“你说的对。”老子微微的叹一口气，有些颓唐似的回答道。“我的话真也说的太多了。”他又仿佛突然记起一件事情来，“哦,孔丘送我的一只雁鹅,不是晒了腊鹅了吗？你蒸蒸吃去罢。我横竖没有牙齿,咬不动。”"
06-P014,6,出关,14,庚桑楚出去了。老子就又静下来，合了眼。图书馆里很寂静。只听得竹竿子碰着屋檐响，这是庚桑楚在取挂在檐下的腊鹅。
06-P015,6,出关,15,一过就是三个月。老子仍旧毫无动静的坐着，好像段呆木头。
06-P016,6,出关,16,"“先生，孔丘来了哩！”他的学生庚桑楚，异似的走进来，轻轻的说。“他不是长久没来了吗？这的来，不知道是怎的?···.."""
06-P017,6,出关,17,“请.”老子照例只说了这一个字。
06-P018,6,出关,18,“先生，您好吗？”孔子极恭敬的行着礼，一面说
06-P019,6,出关,19,“我总是这样子，”老子答道。“长久不看见了，一定是躲在寓里用功罢？”
06-P020,6,出关,20,“那里那里，”孔子谦虚的说。“没有出门，在想着。想通了一点：鸦鹊亲嘴；鱼儿涂口水;细腰蜂儿化别个；怀了弟弟，做哥哥的就哭。我自己久不投在变化里了，这怎么能够变化别人呢！·...”
06-P021,6,出关,21,“对对！”老子道。“您想通了！”
06-P022,6,出关,22,大家都从此没有话好像两段呆木头。
06-P023,6,出关,23,大约过了八分钟，孔子这才深深的呼出了一口气，就起身要告辞，一面照例很客气的致谢着老子的教训。
06-P024,6,出关,24,老子也并不挽留他。站起来扶着挂杖，一直送他到图书馆的大门外。孔子就要上车了，他才留声机似的说道：
06-P025,6,出关,25,“您走了？您不喝点儿茶去吗？·….”
06-P026,6,出关,26,"孔子答应着“是是”，上了车，拱着两只手极恭敬的靠在横板上;冉有把鞭子在空中一挥,嘴里喊一声“都”，车子就走动了。待到车子离开了大门十几步，老子才回进自已的屋里去。"
06-P027,6,出关,27,"“先生今天好像不大高兴，”庚桑楚看老子坐定了，才站在旁边,垂着手,说。“话说的很少·"
06-P028,6,出关,28,“你说的对。”老子微微的叹一口气，有些颓唐的回答道。
06-P029,6,出关,29,“这为什么呢？”庚桑楚大吃一惊，好像遇着了晴天的霹
06-P030,6,出关,30,“孔丘已经懂得了我的意思。他知道能够明白他的底细的，只有我，一定放心不下。我不走，是不大方便的·”
06-P031,6,出关,31,“那么，不正是同道了吗？还走什么呢？”
06-P032,6,出关,32,"“不，”老子摆一摆手，“我们还是道不同。臂如同是一双鞋子罢,我的是走流沙,他的是上朝廷的。”"
06-P033,6,出关,33,“但您究竟是他的先生啊！”
06-P034,6,出关,34,“你在我这里学了这许多年，还是这么老实，”老子笑了起来，“这真是性不能改，命不能换了。你要知道孔丘和你不同：他以后就不再来，也再不叫我先生，只叫我老头子，背地里还要玩花样了呀。”
06-P035,6,出关,35,“我真想不到。但先生的看人是不会错的·.”
06-P036,6,出关,36,"“不,开头也常常看错。”"
06-P037,6,出关,37,“那么，”庚桑楚想了一想，“我们就和他干一下
06-P038,6,出关,38,老子又笑了起来，向庚桑楚张开嘴：
06-P039,6,出关,39,“你看：我牙齿还有吗？”他问。
06-P040,6,出关,40,“没有了。”庚桑楚回答说。
06-P041,6,出关,41,“舌头还在吗？”
06-P042,6,出关,42,“在的。”
06-P043,6,出关,43,“懂了没有？”
06-P044,6,出关,44,"“先生的意思是说硬的早掉,软的却在吗？"""
06-P045,6,出关,45,"“你说的对。我看你也还不如收拾收拾，回家看看你的老婆去罢。但先给我的那匹青牛刷一下,鞍晒一下。我明天早就要骑的。"
06-P046,6,出关,46,"老子到了函谷关,没有直走通到关口的大道,却把青牛一勒,转人岔路,在城根下慢慢的绕着。他想爬城。城墙倒并不高，只要站在牛背上,将身一箕,是勉强爬得上的；但是青牛留在城里，却没法搬出城外去。倘要搬，得用起重机，无奈这时鲁般和墨翟还都没有出世,老子自已也想不到会有这玩意。总而言之:他用尽哲学的脑筋，只是一个没有法。"
06-P047,6,出关,47,然而他更料不到当他弯进岔路的时候，已经给探子望见，立刻去报告了关官。所以绕不到七八丈路，一群人马就从后
06-P048,6,出关,48,“站住！”几个人大叫着。
06-P049,6,出关,49,老子连忙勒住青牛，自已是一动也不动，好像一段呆木头。
06-P050,6,出关,50,"“阿呀！”关官一冲上前,看见了老子的脸,就惊叫了-声，即刻滚鞍下马，打着拱，说道：“我道是谁，原来是老聘馆长。这真是万想不到的。”"
06-P051,6,出关,51,老子也赶紧爬下牛背来，细着眼晴，看了那人一看，含含胡胡的说·“我记性坏·
06-P052,6,出关,52,"“自然，自然，先生是忘记了的。我是关尹喜,先前因为上图书馆去查《税收精义》，曾经拜访过先生··"
06-P053,6,出关,53,这时签子手便翻了一通青牛上的鞍，又用签子刺一个洞，伸进指头去掏了下，一声不响，概着嘴走开了。
06-P054,6,出关,54,“先生在城圈边溜溜？”关尹喜问。
06-P055,6,出关,55,"“不,我想出去，换换新鲜空气·"
06-P056,6,出关,56,“那很好！那好极了！现在谁都讲卫生，卫生是顶要紧的。不过机会难得，我们要请先生到关上去住几天，听听先生的教训
06-P057,6,出关,57,老子还没有回答，四个巡警就一拥上前，把他扛在牛背上，签子手用签子在牛屁股上刺了一下，牛把尾巴一卷，就放开脚步，一一同向关口跑去了。
06-P058,6,出关,58,到得关上，立刻开了大厅来招待他。这大厅就是城楼的中一间，临窗一望，只见外面全是黄土的平原，愈远愈低；天色苍苍，真是好空气。这雄关就高踞峻坂之上，门外左右全是土坡，中间条车道，好像在峭壁之间。实在是只要一丸泥就可以封住的
06-P059,6,出关,59,"大家喝过开水，再吃饺俘。让老子休息一会之后，关尹喜就提议要他讲学了。老子早知道这是免不掉的，就满口答应。于是轰轰了一阵，屋里逐渐坐满了听讲的人们。同来的八人之外，还有四个巡警，两个签子手，五个探子，一个书记，账房和厨房。有几个还带着笔，刀，本札,预备抄讲义。"
06-P060,6,出关,60,老子像一段呆木头似的坐在中央，沉默了一会，这才咳嗽几声，白胡子里面的嘴唇在动起来了。大家即刻屏住呼吸，侧着耳朵听。只听得他慢慢的说道：
06-P061,6,出关,61,“道可道，非常道；名可名，非常名。无名，天地之始；有名，万物之母。·
06-P062,6,出关,62,大家彼此面面相靓，没有抄。
06-P063,6,出关,63,"“故常无欲以观其妙，”老子接着说，“常有欲以观其窍。此两者，同出而异名。同，谓之玄，玄之又玄，众妙之门]......"""
06-P064,6,出关,64,"大家显出苦脸来了,有些人还似乎手足失措。一个签子手打了一个大啊欠，书记先生竟打起磕睡来，哗声，刀，笔，木札，都从手里落在席子上面了。"
06-P065,6,出关,65,"老子仿佛并没有觉得，但仿佛又有些觉得似的，因为他从此讲得详细了一点。然而他没有牙齿，发音不清，打着陕西腔，夹上湖南音，“哩”“呢”不分，又爱说什么“”：大家还是听不懂。可是时间加长了,来听他讲学的人，倒格外的受苦。"
06-P066,6,出关,66,"为面子起见，人们只好熬着，但后来总不免七倒八歪斜，各人想着自已的事，待到讲到“圣人之道，为而不争”，住了口了，还是谁也不动弹。老子等了一会,就加上一句道："
06-P067,6,出关,67,"“,完了！”"
06-P068,6,出关,68,大家这才如大梦初醒，虽然因为坐得太久，两腿都麻木了，一时站不起身，但心里又惊又喜，恰如遇到大赦的一样。
06-P069,6,出关,69,于是老子也被送到厢房里，请他去休息。他喝过几口白开水，就毫无动静的坐着，好像一段呆木头。
06-P070,6,出关,70,人们却还在外面纷纷议论。过不多久，就有四个代表进来见老子，大意是说他的话讲的太快了，加上国语不大纯粹，所以谁也不能笔记。没有记录，可惜非常，所以要请他补发些讲义。
06-P071,6,出关,71,"“来笃话啥西,俺实直头听弗懂!”账房说。"
06-P072,6,出关,72,"“还是耐自家写子出来末哉。写子出来末，总算弗白嚼蛆场哉碗。阿是？""书记先生道。"
06-P073,6,出关,73,老子也不十分听得懂，但看见别的两个把笔，刀，木札，都摆在自已的面前了，就料是一定要他编讲义。他知道这是免不掉的，于是满口答应；不过今天太晚了，要明天才开手。
06-P074,6,出关,74,代表们认这结果为满意，退出去了。
06-P075,6,出关,75,第二天早晨，天气有些阴沉沉，老子觉得心里不舒适，不过仍须编讲义，因为他急于要出关，而出关，却须把讲义交卷。他看-一眼面前的一大堆木札，似乎觉得更加不舒适了。
06-P076,6,出关,76,然而他还是不动声色，静静的坐下去，写起来。回忆着昨天的话，想一想，写一句。那时眼镜还没有发明，他的老花眼晴细得好像一条线，很费力；除去喝白开水和吃炼浮的时间，写了整整一天半，也不过五千个大字。
06-P077,6,出关,77,“为了出关，我看这也敷衍得过去了。”他想。
06-P078,6,出关,78,于是取了绳子，穿起木札来，计两串，扶着挂杖，到关尹喜的公事房里去交稿，并且声明他立刻要走的意思。
06-P079,6,出关,79,关尹喜非常高兴，非常感谢，又非常婉惜，坚留他多住一些时，但看见留不住，便换了一副悲哀的脸相，答应了，命令巡警给青牛加鞍。一面自己亲手从架子上挑出包盐，一包胡麻，十五个悸悸来，装在一个充公的白布口袋里送给老子做路上的粮食。并且声明：这是因为他是老作家，所以非常优待，假如他年纪青，俘就只能有十个了。
06-P080,6,出关,80,老子再三称谢，收了口袋，和大家走下城楼，到得关口，还要牵着青牛走路；关尹喜竭力劝他上牛，逊让一番之后，终于也骑上去了。作过别，拨转牛头，便向峻坂的大路上慢慢的走去。
06-P081,6,出关,81,"不多久，牛就放开了脚步。大家在关口目送着，去了两三丈远，还辨得出白发，黄袍，青牛，白口袋，接着就尘头逐步而起,罩着人和牛，一律变成灰色，再一会，已只有黄尘滚滚，什么也看不见了。"
06-P082,6,出关,82,"大家回到关上,好像卸下了一副担子，伸一伸腰，又好像得了什么货色似的，咂一咂嘴，好些人跟着关尹喜走进公事房里去。"
06-P083,6,出关,83,“这就是稿子？”账房先生提起一串木札来，翻着，说。“字倒写得还干净。我看到市上去卖起来，一定会有人要的。”
06-P084,6,出关,84,"书记先生也凑上去,看着第一片,念道："
06-P085,6,出关,85,"““道可道,非常道’哼,还是这些老套。真教人听得头痛,讨厌.”"
06-P086,6,出关,86,“医头痛最好是打打。”账房放下了木札，说。
06-P087,6,出关,87,“哈哈哈！我真只好打了。老实说，我是猜他要讲自已的恋爱故事，这才去听的。要是早知道他不过这么胡说八道，我就压根儿不去坐这么大半天受罪·
06-P088,6,出关,88,“这可只能怪您自已看错了人，”关尹喜笑道。“他那里会有恋爱故事呢？他压根儿就没有过恋爱。”
06-P089,6,出关,89,“您怎么知道？”书记谣异的问。
06-P090,6,出关,90,"“这也只能怪您自己打了磕睡，没有听到他说‘无为而无不为’。这家伙真是‘心高于天，命薄如纸’，想“无不为”，就只好“无为’。一有所爱,就不能无不爱,那里还能恋爱，敢恋爱？您看看您自已就是：现在只要看见一个大姑娘，不论好丑，就眼睛甜腻腻的都像是你自己的老婆。将来娶了太太，恐怕就要像我们的账房先生一样,规矩一些了。”"
06-P091,6,出关,91,"窗外起了一阵风,大家都觉得有些冷。"
06-P092,6,出关,92,“这老头子究竟是到那里去，去干什么的？”书记先生趁势岔开了关尹喜的话。
06-P093,6,出关,93,“自说是上流沙去的，”关尹喜冷冷的说。“看他走得到。外面不但没有盐，面，连水也难得。肚子饿起来，我看是后来还要回到我们这里来的。”
06-P094,6,出关,94,“那么，我们再叫他著书。”账房先生高兴了起来。“不过谭俘真也太费。那时候，我们只要说宗旨已经改为提拔新作家，两串稿子，给他五个饺俘也足够了。”
06-P095,6,出关,95,"“那可不见得行。要发牢骚,闹脾气的。”"
06-P096,6,出关,96,“饿过了肚子，还要闹脾气？”
06-P097,6,出关,97,"“我倒怕这种东西,没有人要看。”书记摇着手，说。“连五个俘俘的本钱也捞不回。臂如罢，倘使他的话是对的，那么，我们的头儿就得放下关官不做，这才是无不做，是一个了不起"
06-P098,6,出关,98,"“那倒不要紧，”账房先生说，“总有人看的。交卸了的关官和还没有做关官的隐士,不是多得很吗？·…."
06-P099,6,出关,99,"窗外起了一阵风,括上黄尘来,遮得半天暗。这时关尹喜向门外一看，只见还站着许多巡警和探子，在呆听他们的闲谈。"
06-P100,6,出关,100,“呆站在这里干什么？”他喝道。“黄昏了，不正是私贩子爬城偷税的时候了吗？巡逻去！”
06-P101,6,出关,101,"门外的人们，一溜烟跑下去了。屋里的人们，也不再说什么话，账房和书记都走出去了。关尹喜才用袍袖子把案上的灰尘拂了拂，提起两串木札来，放在堆着充公的盐，胡麻，布，大豆,饺等类的架子上。"
07-P001,7,非攻,1,"子夏的徒弟公孙高来找墨子,已经好几回了，总是不在家，见不着。大约是第四或者第五回罢，这才恰巧在门口遇见，因为公孙高刚一到，墨子也适值回家来。他们一同走进屋子里。"
07-P002,7,非攻,2,"公孙高辞让了一通之后,眼晴看着席子的破洞,和气的问道："
07-P003,7,非攻,3,“先生是主张非战的？”
07-P004,7,非攻,4,“不错！”墨子说。
07-P005,7,非攻,5,“那么，君子就不斗么？”
07-P006,7,非攻,6,“是的！”墨子说。
07-P007,7,非攻,7,“猪狗尚且要斗，何况人·
07-P008,7,非攻,8,"“喉喉，你们儒者，说话称着尧舜，做事却要学猪狗，可岭，可怜!”墨子说着,站了起来，匆匆的跑到厨下去了，面说·“你不懂我的意思·….”"
07-P009,7,非攻,9,他穿过厨下，到得后门外的井边，绞着辗轨，汲起半瓶井水来，捧着吸了十多口，于是放下瓦瓶，抹抹嘴，忽然望着园角上叫了起来道：
07-P010,7,非攻,10,“阿廉！你怎么回来了？”
07-P011,7,非攻,11,阿廉也已经看见，正在跑过来，一到面前，就规规矩矩的站定，垂着手，叫一声“先生”，于是略有些气愤似的接着说：
07-P012,7,非攻,12,“我不干了。他们言行不一致。说定给我一千盆粟米的，却只给了我五百盆。我只得走了。”
07-P013,7,非攻,13,“如果给你一千多盆，你走么？”
07-P014,7,非攻,14,“不。”阿廉答。
07-P015,7,非攻,15,“那么，就并非因为他们言行不一致，倒是因为少了呀！”
07-P016,7,非攻,16,墨子一面说，一面又跑进厨房里，叫道：
07-P017,7,非攻,17,“耕柱子！给我和起玉米粉来！”
07-P018,7,非攻,18,耕柱子恰恰从堂屋里走到，是一个很精神的青年。
07-P019,7,非攻,19,“先生，是做十多天的于粮罢？”他问。
07-P020,7,非攻,20,“对。”墨子说。“公孙高走了罢？”
07-P021,7,非攻,21,“走了，”耕柱子笑道。“他很生气，说我们兼爱无父，像禽兽一样。”
07-P022,7,非攻,22,墨子也笑了一笑。
07-P023,7,非攻,23,“先生到楚国去？”
07-P024,7,非攻,24,"“是的。你也知道了？”墨子让耕柱子用水和着玉米粉，自已却取火石和艾绒打了火，点起枯枝来沸水，眼晴看火焰，慢慢的说道：“我们的老乡公输般,他总是倚恃着自己的一点小聪明,兴风作浪的。造了拒,教楚王和越人打仗还不够，这回是又想出了什么云梯,要箕惠楚王攻宋去了。宋是小国，怎禁得这么一攻。我去按他一下罢。”"
07-P025,7,非攻,25,他看得耕柱子已经把窝窝头上了蒸笼，便回到自己的房
07-P026,7,非攻,26,"469里,在壁厨里摸出把盐渍藜菜干，一柄破铜刀，另外找了张破包狱，等耕柱子端进蒸熟的窝窝头来，就一起打成个包裹。衣服却不打点，也不带洗脸的手巾，只把皮带紧了一紧，走到堂下，穿好草鞋，背上包裹，头也不回的走了。从包裹里，还一阵一阵的冒着热蒸气。"
07-P027,7,非攻,27,“先生什么时候回来呢？”耕柱子在后面叫喊道。
07-P028,7,非攻,28,“总得二十来天罢，”墨子答着，只是走。
07-P029,7,非攻,29,"墨子走进宋国的国界的时候,草鞋带已经断了三四回，觉得脚底上很发热，停下来一看，鞋底也磨成了大窟窒，脚上有些地方起茧，有些地方起泡了。他毫不在意，仍然走；沿路看看情形，人口倒很不少，然而历来的水灾和兵灾的痕迹，却到处存留，没有人民的变换得飞快。走了三天,看不见一所大屋，看不见一颗大树，看不见一个活泼的人，看不见一片肥沃"
07-P030,7,非攻,30,城墙也很破旧，但有几处添了新石头；护城沟边看见烂泥堆，像是有人淘掘过，但只见有几个闲人坐在沟沿上似乎钓着鱼。
07-P031,7,非攻,31,“他们大约也听到消息了，”墨子想。细看那些钓鱼人，却没有自已的学生在里面。
07-P032,7,非攻,32,他决计穿城而过，于是走近北关，顺着中央的条街，径向南走。城里面也很萧条，但也很平静；店铺都贴着减价的条子，然而并不见买主，可是店里也并无怎样的货色；街道上满积着又细又粘的黄尘。
07-P033,7,非攻,33,"“这模样了,还要来攻它！”墨子想。"
07-P034,7,非攻,34,他在大街上前行，除看见了贫弱而外，也没有什么异样。楚国要来进攻的消息，是也许已经听到了的，然而大家被攻得习惯了，自认是活该受攻的了，竟并不觉得特别，况且谁都只剩了一条性命，无衣无食，所以也没有什么人想搬家。待到望见南关的城楼了，这才看见街角上聚着十多个人，好像在听个人讲故事。
07-P035,7,非攻,35,当墨子走得临近时，只见那人的手在空中一挥，大叫道：
07-P036,7,非攻,36,墨子知道，这是自己的学生曹公子的声音。
07-P037,7,非攻,37,"然而他并不挤进去招呼他，匆匆的出了南关，只赶自已的路。又走了-→天和大半夜,歇下来,在一个农家的檐下睡到黎明，起来仍复走。草鞋已经碎成一片一片，穿不住了，包里还有窝窝头，不能用，便只好撕下一块布裳来，包了脚。"
07-P038,7,非攻,38,"不过布片薄，不平的村路梗着他的脚底，走起来就更艰难。到得下午，他坐在一株小小的槐树下，打开包裹来吃午餐，也算是歇歇脚。远远的望见一个大汉，推着很重的小车，向这边走过来了。到得临近，那人就歇下车子，走到墨子面前，叫了一声“先生”，一面擦起衣角来措脸上的汗,喘着气。"
07-P039,7,非攻,39,“这是沙么？”墨子认识他是自已的学生管黔敖，便问。
07-P040,7,非攻,40,“是的，防云梯的。”
07-P041,7,非攻,41,“别的准备怎么样？”
07-P042,7,非攻,42,"“也已经募集了一些麻,灰,铁。不过难得很：有的不肯，背的没有。还是讲空话的多"
07-P043,7,非攻,43,“昨天在城里昕见曹公子在讲演，又在玩一股什么“气’，什么‘死’了。你去告诉他：不要弄玄虚；死并不坏，也很难，但要死得于民有利！”
07-P044,7,非攻,44,“和他很难说，”管黔敖帐帐的答道。“他在这里做了两年官，不大愿意和我们说话了
07-P045,7,非攻,45,“禽滑呢？”
07-P046,7,非攻,46,“他可是很忙。刚刚试验过连弩;现在恐怕在西关外看地势，所以遇不着先生。先生是到楚国去找公输般的罢？”
07-P047,7,非攻,47,“不错，”墨子说，“不过他听不听我，还是料不定的。你们仍然准备着，不要只望着口舌的成功。”
07-P048,7,非攻,48,"管黔敖点点头，看墨子上了路，目送了会，便推着小车，岐岐嘎嘎的进城去了。店铺里陈列着许多好东西，雪白的麻布，通红的辣椒，斑斓的鹿皮，肥大的莲子。走路的人，虽然身体比北方短小些，却都活泼精悍，衣服也很干净,墨子在这里一比，旧衣破裳，布包着两只脚，真好像个老牌的乞了。"
07-P049,7,非攻,49,"再向中央走是一大块广场，摆着许多摊子，拥挤着许多人，这是闹市，也是十字路交叉之处。墨子便找着个好像士人的老头子,打听公输般的寓所,可惜言语不通，缠不明白，正在于掌心上写字给他看，只听得轰的一声，大家都唱了起来，原来是有名的赛湘灵已经开始在唱她的《下里巴人》17】所以引得全国中许多人，同声应和了。不一会，连那老士人也在嘴里发出哼哼声，墨子知道他决不会再来看他手心上的字，便只写了半个“公”字，拔步再往远处跑。然而到处都在唱，无隙可乘，许多工夫，大约是那边已经唱完了，这才逐渐显得安静。他找到一家木匠店，去探问公输般的住址。"
07-P050,7,非攻,50,“那位山东老，造钩拒的公输先生么？”店主是一个黄脸黑须的胖子，果然很知道。“并不远。你回转去，走过十字街，从右手第二条小道上朝东向南，再往北转角，第三家就是他。”
07-P051,7,非攻,51,墨子在手心上写着字，请他看了有无听错之后，这才牢牢的记在心里，谢过主人，迈开大步，径奔他所指点的处所。果然也不错的：第三家的大门上，钉着块雕镂极工的楠木牌，上刻六个大篆道：“鲁国公输般寓”。
07-P052,7,非攻,52,"墨子拍着红铜的兽环,当当的敲了几下,不料开门出来的却是一-个横眉怒目的门丁。他一看见，便大声的喝道："
07-P053,7,非攻,53,“先生不见客！你们同乡来告帮的太多了！”
07-P054,7,非攻,54,墨子刚看了他一眼，他已经关了门，再敲时，就什么声息也没有。然而这目光的一射，却使那门丁安静不下来，他总觉得有些不舒服，只得进去烹他的主人。公输般正捏着曲尺，在量云梯的模型。
07-P055,7,非攻,55,“先生，又有-个你的同乡来告帮了·这人可是有些古怪····.”门丁轻轻的说。
07-P056,7,非攻,56,“他姓什么？”
07-P057,7,非攻,57,“那可还没有间”门丁煌恐着。
07-P058,7,非攻,58,“什么样子的？”
07-P059,7,非攻,59,"“像一个乞丐。三十来岁。高个子,乌黑的脸"
07-P060,7,非攻,60,“阿呀！那一定是墨翟了！”
07-P061,7,非攻,61,"公输般吃了一惊,大叫起来,放下云梯的模型和曲尺，跑到阶下去。门丁也吃了一惊,赶紧跑在他前面,开了门。墨子和公输般，便在院子里见了面。"
07-P062,7,非攻,62,“果然是你。”公输般高兴的说，一面让他进到堂屋去。“你～向好么？还是忙？”
07-P063,7,非攻,63,“是的。总是这样·…
07-P064,7,非攻,64,“可是先生这么远来，有什么见教呢？”
07-P065,7,非攻,65,“北方有人悔辱了我，”墨子很沉静的说。“想托你去杀掉
07-P066,7,非攻,66,公输般不高兴了。
07-P067,7,非攻,67,“我送你十块钱！”墨子又接着说。
07-P068,7,非攻,68,这一句话，主人可真是忍不住发怒了；他沉了脸，冷冷的回答道：
07-P069,7,非攻,69,“我是义不杀人的！”
07-P070,7,非攻,70,“那好极了！”墨子很感动的直起身来，拜了两拜，又很沉静的说道：“可是我有几句话。我在北方，听说你造了云梯，要去攻宋。宋有什么罪过呢？楚国有余的是地，缺少的是民。杀缺少的来争有余的，不能说是智；宋没有罪，却要攻他，不能说是仁；知道着，却不争，不能说是忠；争了，而不得，不能说是强；义不杀少，然而杀多，不能说是知类。先生以为怎
07-P071,7,非攻,71,“那是··”公输般想着，“先生说得很对的。”
07-P072,7,非攻,72,“那么，不可以歇手了么？”
07-P073,7,非攻,73,“这可不成，”公输般帐帐的说。“我已经对王说过了。”
07-P074,7,非攻,74,“那么，带我见王去就是。”
07-P075,7,非攻,75,“好的。不过时候不早了，还是吃了饭去罢。”
07-P076,7,非攻,76,"然而墨子不背听，欠着身子，总想站起来，他是向来坐不住的。20]公输般知道撇不过,便答应立刻引他去见王；一面到自已的房里，拿出一套衣裳和鞋子来，诚愿的说道："
07-P077,7,非攻,77,“不过这要请先生换一下。因为这里是和俺家乡不同，什么都讲阔绰的。还是换一换便当··….”
07-P078,7,非攻,78,“可以可以，”墨子也诚悬的说。“我其实也并非爱穿破衣服的···只因为实在没有工夫换···.”
07-P079,7,非攻,79,楚王早知道墨翟是北方的圣贤，一经公输般绍介，立刻接见了，用不着费力。
07-P080,7,非攻,80,墨子穿着太短的衣裳，高脚鹭鹭似的，跟公输般走到便殿里，向楚王行过礼，从从容容的开口道：
07-P081,7,非攻,81,“现在有一个人，不要轿车，却想偷邻家的破车子；不要锦绣，却想偷邻家的短毡袄；不要米肉，却想偷邻家的糠屑饭：这是怎样的人呢？”
07-P082,7,非攻,82,“那一定是生了偷摸病了。”楚王率直的说。
07-P083,7,非攻,83,“楚的地面，”墨子道，“方五千里，宋的却只方五百里，这就像轿车的和破车子；楚有云梦，满是犀兜麋鹿，江汉里的鱼麗麗之多，那里都赛不过，宋却是所谓连雉兔鲫鱼也没有的，这就像米肉的和糠屑饭；楚有长松文梓楠木豫章，宋却没有大树，这就像锦绣的和短毡袄。所以据臣看来，王更的攻宋，和这是同类的。”
07-P084,7,非攻,84,“确也不错！”楚王点头说。“不过公输般已经给我在造云梯，总得去攻的了。”
07-P085,7,非攻,85,“不过成败也还是说不定的。”墨子道。“只要有木片，现在就可以试一试。”
07-P086,7,非攻,86,楚王是一位爱好新奇的王，非常高兴，便教侍臣赶快去拿木片来。墨子却解下自已的皮带，弯作弧形，向着公输子，算是城；把几十片木片分作两份，一份留下，一份交与公输子，便是攻和守的器具。
07-P087,7,非攻,87,"于是他们俩各各拿着木片，像下棋一般，开始斗起来了，攻的木片一进,守的就一架，这边一退,那边就一招。不过楚王和侍臣，却一点也看不懂。"
07-P088,7,非攻,88,"只见这样的一进退，一共有九回，大约是攻守各换了九种的花样。这之后，公输般歇手了。墨子就把皮带的弧形改向了自已,好像这回是由他来进攻。也还是一进一退的支架着，然而到第三回,墨子的木片就进了皮带的弧孤线里面了。"
07-P089,7,非攻,89,楚王和侍臣虽然莫明其妙，但看见公输般首先放下木片，脸上露出扫兴的神色，就知道他攻守两面，全都失败了。
07-P090,7,非攻,90,楚王也觉得有些扫兴。
07-P091,7,非攻,91,“我知道怎么赢你的，”停了一会，公输般让灿的说。“但是我不说。”
07-P092,7,非攻,92,“我也知道你怎么赢我的，”墨子却镇静的说。“但是我不说。”
07-P093,7,非攻,93,“你们说的是些什么呀？”楚王惊着问道。
07-P094,7,非攻,94,"“公输子的意思，”墨子旋转身去，回答道，“不过想杀掉我，以为杀掉我,宋就没有人守，可以攻了。然而我的学生禽滑等三百人，已经拿了我的守御的器械，在宋城上，等候着楚国来的敌人。就是杀掉我，也还是攻不下的！”"
07-P095,7,非攻,95,“真好法子！”楚王感动的说。“那么，我也就不去攻宋罢。”
07-P096,7,非攻,96,"墨子说停了攻宋之后，原想即刻回往鲁国的，但因为应该换还公输般借他的衣裳，就只好再到他的寓里去。时候已是下午，主客都很觉得肚子饿,主人自然坚留他吃午饭或者已经是夜饭，还劝他宿一宵。"
07-P097,7,非攻,97,“走是总得今天就走的，”墨子说。“明年再来，拿我的书来请楚王看一看。”
07-P098,7,非攻,98,“你还不是讲些行义么？”公输般道。“劳形苦心，扶危济急，是贱人的东西，大人们不取的。他可是君王呀，老乡！
07-P099,7,非攻,99,"“那倒也不。丝麻米谷，都是贱人做出来的东西，大人们就都要。何况行义呢。"""
07-P100,7,非攻,100,“那可也是的，”公输般高兴的说。“我没有见你的时候，想取宋；一见你，即使白送我宋国，如果不义，我也不要了.....
07-P101,7,非攻,101,"“那可是我真送了你宋国了。”墨子也高兴的说。“你如果一味行义,我还要送你天下哩！"""
07-P102,7,非攻,102,"当主客谈笑之间,午餐也摆好了,有鱼,有肉，有酒。墨子不喝酒，也不吃鱼，只吃了一点肉。公输般独自喝着酒，看见客人不大动刀匕，过意不去，只好劝他吃辣椒："
07-P103,7,非攻,103,“请呀请呀！”他指着辣椒酱和大饼，悬切的说，“你尝尝，这还不坏。大葱可不及我们那里的肥··
07-P104,7,非攻,104,公输般喝过几杯酒，更加高兴了起来。
07-P105,7,非攻,105,“我舟战有钩拒，你的义也有拒么？”他问道。
07-P106,7,非攻,106,"“我这义的拒，比你那舟战的拒好。”墨子坚决的回答说。“我用爱来,用恭来拒。不用爱,是不相亲的，不用恭拒,是要油滑的,不相亲而又油滑,马上就离散。所以互相爱，互相恭，就等于互相利。现在你用去人，人也用来你，你用拒去拒人，人也用拒来拒你，互相，互相拒，也就等于互相害了。所以我这义的拒，比你那舟战的拒好。"""
07-P107,7,非攻,107,“但是，老乡，你一一行义，可真几乎把我的饭碗敲碎了！”公输般碰了一个钉子之后，改口说，但也大约很有了一些酒意：他其实是不会喝酒的。
07-P108,7,非攻,108,“但也比敲碎宋国的所有饭碗好。”
07-P109,7,非攻,109,"“可是我以后只好做玩具了。老乡，你等一等,我请你看一点玩意儿。"
07-P110,7,非攻,110,他说着就跳起来，跑进后房去，好像是在翻箱子。不一会，又出来了，手里拿着一只木头和竹片做成的喜鹊，交给墨子，口里说道：
07-P111,7,非攻,111,"“只要-一开,可以飞三天。这倒还可以说是极巧的。”"
07-P112,7,非攻,112,"“可是还不及木匠的做车轮，”墨子看了一看,就放在席子上，说。“他削三寸的木头，就可以载重五十石。有利于人的，"
07-P113,7,非攻,113,"“哦,我忘记了，”公输般又碰了一个钉子，这才醒过来。“早该知道这正是你的话。”"
07-P114,7,非攻,114,“所以你还是一味的行义，”墨子看着他的眼睛，诚愿的说，“不但巧，连天下也是你的了。真是打扰了你大半天。我们明年再见罢。”
07-P115,7,非攻,115,墨子说着，便取了小包裹，向主人告辞；公输般知道他是留不住的，只得放他走。送他出了大门之后，回进屋里来，想了一想，便将云梯的模型和木鹊都塞在后房的箱子里。
07-P116,7,非攻,116,"墨子在归途上，是走得较慢了，一则力乏，二则脚痛，三则干粮已经吃完，难免觉得肚子饿，四则事情已经办妥，不像来时的匆忙。然而比来时更嗨气：一进宋国界，就被搜检了两回;走近都城,又遇到募捐救国队,募去了破包;到得南关外，又遭着大雨，到城门下想避避雨，被两个执戈的巡兵赶开了,淋得一身湿，从此鼻子塞了十多天。"
08-P001,8,起死,1,"（一大片荒地。处处有些土冈,最高的不过六七尺。没有树木。遍地都是杂乱的蓬草；草间有一条人马踏成的路径。离路不远，有一个水溜。远处望见房屋。)"
08-P002,8,起死,2,"庄子——（黑瘦面皮，花白的络腮胡子，道冠,布袍，拿着马鞭，上。)出门没有水喝，一下子就觉得口渴。口渴可不是玩意儿呀，真不如化为蝴蝶。可是这里也没有花儿呀，····哦！海子在这里了,运气,运气！（他跑到水溜旁边，拔开浮萍，用手掬起水来，喝了十几口。)唔,好了。慢慢的上路。"
08-P003,8,起死,3,"（走着，向四处看，)阿呀！一个。这是怎的？（用马鞭在蓬草间拨了一拨，敲着，说：)您是贪生怕死，倒行逆施，成了这样的呢？（。)还是失掉地盘，吃着板刀，成了这样的呢？（。)还是闹得一榻胡涂，对不起父母妻子，成了这样的呢？（。)您不知道自杀是弱者的行为吗？（！)还是您没有饭吃,没有衣穿，成了这样的呢？（。)还是年纪老了，活该死掉，成了这样的呢？（。)还是喉,这倒是我胡涂,好像在做戏了。那里会回答。好在离楚国已经不远，用不着忙，还是请司命大神复他的形,生他的肉,和他谈谈闲天,再给他重回家乡，骨肉团聚罢。（放下马鞭，朝着东方，拱两手向天，提高了喉咙，大叫起来：至心朝礼,司命大天尊！……"
08-P004,8,起死,4,（一阵阴风，许多蓬头的，秃头的，瘦的，胖的，男的，女的，老的，少的鬼魂出现。)
08-P005,8,起死,5,"鬼魂一一庄周,你这胡涂虫！花白了胡子,还是想不通。死了没有四季，也没有主人公。天地就是春秋，做皇帝也没有这么轻松。还是莫管闲事罢，快到楚国去干你自家的运动。..."
08-P006,8,起死,6,庄子一你们才是胡涂鬼，死了也还是想不通。要知道活就是死，死就是活呀，奴才也就是主人公。我是达性命之源的，可不受你们小鬼的运动。
08-P007,8,起死,7,"鬼魂——那么,就给你当场出丑…·"
08-P008,8,起死,8,"庄子一一一楚王的圣旨在我头上,更不怕你们小鬼的起哄！（又拱两手向天，提高了喉，大叫起来：)至心朝礼，司命大天尊！天地玄黄,宇宙洪荒。日月盈,辰宿列张。太上老君急急如律令！敕敕！敕!"
08-P009,8,起死,9,（一阵清风，司命大神道冠布袍，黑瘦面皮，花白的络腮胡子，手执马鞭，在东方的朦中出现。鬼魂全都隐去。)
08-P010,8,起死,10,"司命一—一庄周,你找我，又要闹什么玩意儿了？喝够了水，不安分起来了吗？"
08-P011,8,起死,11,"庄子一一臣是见楚王去的,路经此地,看见一个空,却还存着头样子。该有父母妻子的罢，死在这里了，真是鸣呼哀哉，可怜得很。所以恩请大神复他的形，还他的肉，给他活转来，好回家乡去。"
08-P012,8,起死,12,"司命一一哈哈！这也不是真心话，你是肚子还没饱就找闲事做。认真不像认真,玩要又不像玩耍。还是走你的路罢，不要和我来打岔。要知道“死生有命”,我也碍难随便安排。"
08-P013,8,起死,13,"庄子一大神错矣。其实那里有什么死生。我庄周曾经做梦变了蝴蝶,是一只飘飘荡荡的蝴蝶,醒来成了庄周,是一个忙忙碌碌的庄周。究竟是庄周做梦变了蝴蝶呢，还是蝴蝶做梦变了庄周呢，可是到现在还没有弄明白。这样看来，又安知道这麟不是现在正活着，所谓活了转来之后，倒是死掉了呢？请大神随随便便,通融一点罢。做人要圆滑，做神也不必迁腐的。"
08-P014,8,起死,14,"司命一（微笑,)你也还是能说不能行,是人而非神··那么，也好，给你试试罢。"
08-P015,8,起死,15,（司命用马鞭向蓬中一指。同时消失了。所指的地方，发出一道火光，跳起一个汉子来。)
08-P016,8,起死,16,汉子一一（大约三十岁左右，体格高大，紫色脸，像是乡下人，全身赤条条的一丝不挂。用拳头揉了一通眼晴之后，定一定神，看见了庄子，)？
08-P017,8,起死,17,"庄子一？（微笑着走近去,看定他，)你是怎么的？"
08-P018,8,起死,18,"汉子一喉喉,睡着了。你是怎么的？（向两边看，叫了起来，）阿呀,我的包裹和伞子呢？（向自己的身上看，)阿呀呀，我的衣服呢？（奠了下去。)"
08-P019,8,起死,19,"庄子一你静一一静,不要着慌罢。你是刚刚活过来的。你的东西，我看是早已烂掉，或者给人拾去了。"
08-P020,8,起死,20,汉子—-你说什么？
08-P021,8,起死,21,"庄子一一我且问你:你姓甚名谁,那里人？"
08-P022,8,起死,22,汉子一一我是杨家庄的杨大呀。学名叫必恭。
08-P023,8,起死,23,"庄子一那么,你到这里是来干什么的呢?"
08-P024,8,起死,24,"汉子一一探亲去的呀,不提防在这里睡着了。（着急起来，)我的衣服呢？我的包裹和伞子呢？"
08-P025,8,起死,25,"庄子—一你静一静,不要着慌罢一一我且问你:你是什么时候的人？"
08-P026,8,起死,26,"汉子一一（说异，,)什么？…·什么叫作什么时候的人”？我的衣服呢？…"
08-P027,8,起死,27,"庄子—喷喷，你这人真是胡涂得要死的角儿—专管自己的衣服，真是一个澈底的利已主义者。你这“人”尚且没有弄明白，那里谈得到你的衣服呢？所以我首先要问你：你是什么时候的人？喉喉，你不懂。那么，（想了一想，)我且问你：你先前活着的时候,村子里出了什么故事？"
08-P028,8,起死,28,"汉子一一故事吗？有的。昨天,阿二嫂就和七太婆吵嘴。"
08-P029,8,起死,29,"庄子一还欠大！汉子还欠大？…·那么,杨小三旌表了孝子·"
08-P030,8,起死,30,"庄子一表了孝子,确也是一件大事情·不过还是很难查考··（想了想，)再没有什么更大的事情，使大家因此闹了起来的了吗?"
08-P031,8,起死,31,"汉子一闹了起来？·（想着，)哦,有有！那还是三四个月前头,因为孩子们的魂灵,要摄去垫鹿台脚了真吓得大家鸡飞狗走，赶忙做起符袋来，给孩子们带上····庄子（出惊，)鹿台？什么时候的鹿台?汉子就是三四个月前头动工的鹿台。"
08-P032,8,起死,32,"庄子一一那么,你是王的时候死的？这真了不得，你已经死了五百多年了。"
08-P033,8,起死,33,"汉子一一（有点发怒，)先生,我和你还是初会,不要开玩笑罢。我不过在这儿睡了一忽，什么死了五百多年。我是有正经事，探亲去的。快还我的衣服，包裹和伞子。我没有陪你玩笑的工夫。"
08-P034,8,起死,34,"庄子一慢慢的,慢慢的，且让我来研究一下。你是怎么睡着的呀？"
08-P035,8,起死,35,"汉子一一怎么睡着的吗？（想着，)我早上走到这地方,好像头顶上轰的声,眼前一黑,就睡着了。"
08-P036,8,起死,36,庄子一一疼吗？
08-P037,8,起死,37,汉子一好像没有疼。
08-P038,8,起死,38,"庄子一哦·（想了想，)哦……我明白了。定是你在商朝的王的时候，独个儿走到这地方，却遇着了断路强盗，从背后给你一闷棍,把你打死，什么都抢走了。现在我们是周朝，已经隔了五百多年,还那里去寻衣服。你懂了没有？"
08-P039,8,起死,39,"汉子—（瞪了眼晴,看着庄子,)我一点也不懂。先生，你还是不要胡闹，还我衣服，包裹和伞子罢。我是有正经事，探亲去的，没有陪你玩笑的工夫！庄子…你这人真是不明道理··"
08-P040,8,起死,40,汉子一谁不明道理？我不见了东西，当场捉住了你，不问你要，问谁要？（站起来。）
08-P041,8,起死,41,"庄子一一(着急，)你再听我讲：你原是一个麟，是我看得可怜,请司命大神给你活转来的。你想想看：你死了这许多年,那里还有衣服呢！我现在并不要你的谢礼，你且坐下，和我讲讲王那时候···"
08-P042,8,起死,42,汉子一一一胡说！这话，就是三岁小孩子也不会相信的。我可是三十三岁了！（走开来，)你
08-P043,8,起死,43,庄子一一我可真有这本领。你该知道漆园的庄周的罢。
08-P044,8,起死,44,"汉子一我不知道。就是你真有这本领，又值什么鸟？你把我弄得精赤条条的，活转来又有什么用？叫我怎么去探亲？包裹也没有了（有些要哭，跑开来拉住了庄子的袖子，）我不相信你的胡说。这里只有你，我当然问你要！我扭你见保甲去!庄子慢慢的,慢慢的,我的衣服旧了,很脆,拉不得。你且听我几句话：你先不要专想衣服罢，衣服是可有可无的，也许是有衣服对,也许是没有衣服对。鸟有羽,兽有毛，然而王瓜茄子赤条条。此所谓“彼亦一是非,此亦一是非”，你固然不能说没有衣服对，然而你又怎么能说有衣服对呢?··.·.."
08-P045,8,起死,45,汉子一（发怒，)放你妈的屁！不还我的东西，我先死你！
08-P046,8,起死,46,(一手捏了拳头，举起来，手去庄子。)
08-P047,8,起死,47,庄子-（窘急，招架着，)你敢动粗！放手！要不然，我就请司命大神来还你一个死！
08-P048,8,起死,48,"汉子一(冷笑着退开,)好,你还我一个死罢。要不然,我就要你还我的衣服，伞子和包裹，里面是五十二个圜钱,斤半白糖，二斤厅南枣··"
08-P049,8,起死,49,"庄子——(严正地,)你不反悔？"
08-P050,8,起死,50,汉子一一小舅子才反悔!
08-P051,8,起死,51,"庄子一一(决绝地，)那就是了。既然这么胡涂,还是送你还原罢。（转脸朝着东方，拱两手向天,提高了喉咙，大叫起来：）至心朝礼，司命大天尊！天地玄黄,宇宙洪荒。日月盈，辰宿列张。赵钱孙李，周吴郑王。冯秦褚卫，姜沈韩杨。太上老君急急如律令！敕！敕！敕！"
08-P052,8,起死,52,"(毫无影响,好一会。)天地玄黄！太上老君！敕！敕！敕！敕!"
08-P053,8,起死,53,(毫无影响，好一会。)
08-P054,8,起死,54,（庄子向周围四顾，慢慢的垂下手来。）
08-P055,8,起死,55,"汉子——死了没有呀?庄子颓唐地，)不知怎的,这回可不灵·"
08-P056,8,起死,56,汉子一一（扑上前，)那么，不要再胡说了。赔我的衣服!
08-P057,8,起死,57,庄子一一（退后，)你敢动手？这不懂哲理的野蛮!
08-P058,8,起死,58,汉子一一（撇住他，)你这贼骨头！你这强盗军师！我先剥你的道袍，拿你的马，赔我
08-P059,8,起死,59,（庄子一面支撑着，一面赶紧从道袍的袖子里摸出警笛来，狂吹了三声。汉子愣然，放慢了动作。不多久，从远处跑来一个巡士。)
08-P060,8,起死,60,巡士一一（且跑且喊，)带住他！不要放！（他跑近来，是个鲁国大汉，身材高大，制服制帽，手执警棍，面赤无须。)带住他！这舅子！…·….
08-P061,8,起死,61,"汉子一一（又紧了庄子,)带住他！这舅子！·"
08-P062,8,起死,62,"(巡士跑到,抓住庄子的衣领，一手举起警棍来。汉子放手,微弯了身子，两手掩着小肚。)"
08-P063,8,起死,63,"庄子一（托住警棍,歪着头，)这算什么？"
08-P064,8,起死,64,"巡士一一这算什么？哼！你自己还不明白？庄子(愤怒，)怎么叫了你来,你倒来抓我？"
08-P065,8,起死,65,巡士—一什么？
08-P066,8,起死,66,庄子一我吹了警笛……·
08-P067,8,起死,67,"巡士—一你抢了人家的衣服,还自已吹警笛,这昏蛋!"
08-P068,8,起死,68,"庄子一一我是过路的,见他死在这里,救了他,他倒缠住我,说我拿了他的东西了。你看看我的样子，可是抢人东西的？"
08-P069,8,起死,69,"巡士一（收回警棍，)“知人知面不知心”,谁知道。到局里去罢。"
08-P070,8,起死,70,"庄子一那可不成。我得赶路,见楚王去。巡士（吃惊，松手,细看了庄子的脸，)那么,您是漆·"
08-P071,8,起死,71,庄子一一一(高兴起来，)不错！我正是漆园吏庄周。您怎么知道的？
08-P072,8,起死,72,巡士一一一咱们的局长这几天就常常提起您老，说您老要上楚国发财去了，也许从这里经过的。撇局长也是一位隐士，带便兼办一点差使，很爱读您老的文章，读《齐物论》，什么“方生方死，方死方生，方可方不可，方不可方可”，真写得有劲，真是上流的文章真好！您老还是到局里去歇歇罢。
08-P073,8,起死,73,"(汉子吃惊,退进蓬草丛中,下去。)"
08-P074,8,起死,74,"庄子一一今天已经不早,我要赶路,不能耽搁了。还是回来的时候，再去拜访贵局长罢。"
08-P075,8,起死,75,（庄子且说且走，爬在马上，正想加鞭，那汉子突然跳出草丛，跑上去拉住了马嚼子。巡士也追上去，拉住汉子的臂膊。）
08-P076,8,起死,76,庄子一你还缠什么？
08-P077,8,起死,77,汉子一一你走了，我什么也没有，叫我怎么办？（看着巡士，）您瞧，巡士先生…·
08-P078,8,起死,78,"巡士一（搔着耳朵背后,)这模样，可真难办···但是，先生我看起来，（看着庄子，)还是您老富裕一点，赏他一件衣服，给他遮遮羞庄子那自然可以的，衣服本来并非我有。不过我这回要去见楚王，不穿袍子，不行,脱了小衫，光穿一件袍子，也不"
08-P079,8,起死,79,"巡士一对啦,这实在少不得。（向汉子，)放手!"
08-P080,8,起死,80,汉子一我要去探亲·
08-P081,8,起死,81,"巡士一一胡说！再麻烦,看我带你到局里去！（举起警棍，)滚开！"
08-P082,8,起死,82,(汉子退走，巡士追着，一直到乱蓬里。)
08-P083,8,起死,83,庄子——再见再见。
08-P084,8,起死,84,巡士一一再见再见。您老走好哪！
08-P085,8,起死,85,（庄子在马上打了一鞭，走动了。巡士反背着手，看他渐跑渐远，没入尘头中，这才慢慢的回转身，向原来的路上去。)
08-P086,8,起死,86,(汉子突然从草丛中跳出来，拉住巡士的衣角。)巡士千吗？
08-P087,8,起死,87,汉子—我怎么办呢？
08-P088,8,起死,88,巡士—这我怎么知道。汉子我要去探亲
08-P089,8,起死,89,巡士一一你探去就是了。
08-P090,8,起死,90,汉子一我没有衣服呀。
08-P091,8,起死,91,巡士一一没有衣服就不能探亲吗?
08-P092,8,起死,92,汉子一你放走了他。现在你又想溜走了，我只好找你想法子。不问你，问谁呢？你瞧，这叫我怎么活下去！
08-P093,8,起死,93,巡士一可是我告诉你：自杀是弱者的行为呀！
08-P094,8,起死,94,汉子一一那么，你给我想法子！
08-P095,8,起死,95,巡士一(摆脱着衣角，)我没有法子想!
08-P096,8,起死,96,"汉子一（住巡士的袖子，)那么,你带我到局里去!"
08-P097,8,起死,97,"巡士一一(摆脱着袖子,)这怎么成。赤条条的,街上怎么走。放手！"
08-P098,8,起死,98,汉子一一那么，你借我一条裤子！
08-P099,8,起死,99,巡士一我只有这一条裤子，借给了你，自已不成样子了。
08-P100,8,起死,100,（竭力的摆脱着，)不要胡闹！放手！
08-P101,8,起死,101,汉子一—(撇住巡士的颈子，)我一定要跟你去!巡士（窘急，)不成
08-P102,8,起死,102,汉子—那么，我不放你走！
08-P103,8,起死,103,巡士一—一你要怎么样呢？
08-P104,8,起死,104,汉子一一我要你带我到局里去！
08-P105,8,起死,105,巡士一一一这真是带你去做什么用呢？不要捣乱了。放手！要不然····（竭力的挣扎。)
08-P106,8,起死,106,"汉子一一(撇得更紧,)要不然,我不能探亲，也不能做人了。二斤南枣,斤半白糖··你放走了他,我和你拼命···"
08-P107,8,起死,107,"巡士一（挣扎着，)不要捣乱了！放手！要不然·要不然···（说着，面摸出警笛,狂吹起来。)"
