query,载体形式,时长秒,点赞数,内容形式主类,标题,话题标签,作者,发布时间,编码命中
鲁迅说,视频,6,15000,仿写玩梗类,鲁迅先生说过：钱能解决90%以上的烦恼，情商和智商也会提高……,鲁迅先生;名人语录;读书,创作者_001,2021年3月14日,仿写玩梗类;名句呈现类
鲁迅说,视频,7,12,无关混入,接下来的路怎么走，希望多点顺利,,创作者_002,1天前,无关混入(无鲁迅相关词)
鲁迅说,视频,7,35,共鸣纪念类,还是鲁迅先生活的通透,净说大实话系列,创作者_003,1天前,共鸣纪念类
鲁迅说,视频,8,56,名句呈现类,#@抖音小助手,鲁迅名言;党史学习;中国共产党的历史;抗战历史收集与铭记,创作者_004,2025年1月20日,名句呈现类
鲁迅说,视频,10,1458,共鸣纪念类,鲁迅的文章冷涩精悍，没有废话水分。,,创作者_005,2020年2月13日,共鸣纪念类
鲁迅说,视频,10,2,其他,这世界……,鲁迅,创作者_006,6天前,
鲁迅说,视频,10,62000,名句呈现类,一百年前，鲁迅写给青年的话，在今天，依旧振聋发聩。,五四青年节;鲁迅名言,创作者_007,2020年5月4日,名句呈现类
鲁迅说,视频,11,15000,名句呈现类,人性太可怕,鲁迅先生;名人名言;人性,创作者_008,2024年12月28日,名句呈现类
鲁迅说,视频,11,17,仿写玩梗类,鲁迅说过： 人只要有钱．烦恼就会减少90％以上，情商和智商也会提高，更不会乱发火，但钱从哪里来．鲁迅不,现代人的精神消耗,创作者_009,22小时前,仿写玩梗类
鲁迅说,视频,13,3,其他,,一群人的快乐;这么多人排队;鲁迅先生,创作者_010,1天前,其他(标题缺失)
鲁迅说,视频,14,16,仿写玩梗类,收手 不减肥了 听鲁迅先生的话,,创作者_011,1天前,仿写玩梗类
鲁迅说,视频,14,350000,名句呈现类,“愿中国青年都摆脱冷气，只是向上走，不必听自暴自弃者流的话。”鲁迅诞辰140周年，大师精神，今人共勉！,,创作者_012,2021年9月25日,名句呈现类(原句特征)
鲁迅说,视频,15,79,名句呈现类,“其实地上本没有路 走的人多了 也便成了路”,鲁迅;历史;狂人日记;救国;封建社会,创作者_013,10小时前,名句呈现类(原句特征)
鲁迅说,视频,17,1769,无关混入,扎心！作家毒舌语录，怼人不带脏字却能让人拍案叫绝！,语录;作家,创作者_014,2020年8月20日,名句呈现类;无关混入(无鲁迅相关词)
鲁迅说,视频,18,3,知识讲解类,这本鲁迅合集 句句点醒当代成年人 真的被这本《的确是我说的：鲁迅名言集锦》狠狠圈粉了！网上到处流传各种鲁迅名言，真假难辨，很多碎句子看着通透，一查全是网友杜撰的。 直到翻开这本书才知道，真正的鲁迅文字，根本不用营销包装，百年之后读，依旧精准击中现代人的所有内耗、迷茫和委屈。真心说一句，这是我读过最实用、最接地气的鲁迅语录合集！ 这跟市面上杂乱拼凑的语录本完全不一样，全书精选了120条鲁迅先生原版原,的确是我说的;鲁迅;鲁迅语录;读书分享;治愈书单,创作者_015,8月29日,知识讲解类;名句呈现类;共鸣纪念类
鲁迅说,视频,18,59000,名句呈现类,世人说他以笔为刃，却不知他笔下的侠义，本是藏锋的剑。,原创视频;剑侠;鲁迅先生,创作者_016,2025年11月19日,名句呈现类(原句特征)
鲁迅说,视频,21,666,名句呈现类,横眉冷对千夫指，俯首甘为孺子牛。,鲁迅;自嘲;语文;古诗词,创作者_017,2023年7月25日,名句呈现类(原句特征)
鲁迅说,视频,26,16000,仿写玩梗类,鲁迅体深情表白，情话的天花板，你学会了吗？,用鲁迅的口吻;表白;土味情话,创作者_018,2022年2月17日,仿写玩梗类
鲁迅说,视频,26,3,无关混入,别人开导，只是把脉； 自己醒悟，药到病除。” “你可以不记仇，但一定要记事； 我的意思是，人得长记性…” “时间是一把尺，量人量心量距离 人心是一杆秤，称轻称重称感情…” “我从不虚假对待身边任何人： 可惜这个世界有太多人不真诚!”,摩天轮治愈系,创作者_019,20小时前,名句呈现类(原句特征);无关混入(无鲁迅相关词)
鲁迅说,视频,26,612000,共鸣纪念类,“快一百年，还是有那么多人惧怕他的文字”,鲁迅;混剪;抖音觉醒,创作者_020,8月18日,共鸣纪念类
鲁迅说,视频,30,891,名句呈现类,不必等候炬火，此后如竟没有炬火，我便是唯一的光,鲁迅先生;萤火计划,创作者_021,2024年2月19日,名句呈现类(原句特征)
鲁迅说,视频,31,479,名句呈现类,愿中国青年都摆脱冷气，只是向上走，不必听自暴自弃者流的话。,鲁迅;鲁迅先生;先生;万万没想到,创作者_022,5月23日,名句呈现类(原句特征)
鲁迅说,视频,32,14,共鸣纪念类,拿钱买你的命，还嫌你的命不够硬,职场;打工人;鲁迅;人间清醒,创作者_023,1天前,共鸣纪念类
鲁迅说,视频,33,10,名句呈现类,好鲜活的鲁迅 愿中国青年都能摆脱冷气， 只是向上走 不必听自暴自弃者流的话。 能做事的做事，能发声的发声。 有一分热，发一分光。 就令萤火一般，也可以在黑暗里发一点光，不必等候炬火。 此后如竟没有炬火，我便是唯一的光。,呐喊1911;沉浸式观演体验;剧场演员,创作者_024,13小时前,名句呈现类(原句特征)
鲁迅说,视频,34,41000,知识讲解类,那些来自鲁迅的顶级讽刺，清醒而炸裂,鲁迅名言;讽刺文案;诗词名句赏析;句子很短却字字入心,创作者_025,2025年1月3日,知识讲解类;名句呈现类;共鸣纪念类
鲁迅说,视频,34,560,名句呈现类,“此后如竟没有炬火，我便是唯一的光。”,热风;鲁迅先生;青年大学习;台词;口播视频,创作者_026,15小时前,名句呈现类(原句特征)
鲁迅说,视频,34,8,仿写玩梗类,鲁迅说：只要经常花钱，烦恼就会减少80%，但是钱从哪来鲁迅没说！,文案文案;宅家自嗨;抖音热门小助手,创作者_027,19小时前,仿写玩梗类
鲁迅说,视频,34,82000,名句呈现类,“以笔尖之利唤醒国人之心”，今天，一起怀念鲁迅先生！,,创作者_028,2025年10月19日,名句呈现类(原句特征)
鲁迅说,视频,35,108,无关混入,如果你是神经病，那么这世界都会让着你。毛姆 6 句犀利语录，道破人性、情绪与人情冷暖，时刻自省，保持清醒。,毛姆;人间清醒;人性感悟;情绪管理;识人技巧,创作者_029,16小时前,名句呈现类;共鸣纪念类;无关混入(无鲁迅相关词)
鲁迅说,视频,35,388000,名句呈现类,愿中国青年摆脱冷气，只是向上走,热风;鲁迅先生;青年大学习;朗诵;配音,创作者_030,8月16日,名句呈现类(原句特征)
鲁迅说,视频,35,4554,知识讲解类,一针见血还得是鲁迅先生！小时候读不懂，现在读，每一句都震撼心灵,每天学习一点点;每天一听;鲁迅名言;每日一读;让阅读成为一种习惯,创作者_031,2024年5月16日,知识讲解类;名句呈现类;共鸣纪念类
鲁迅说,视频,36,34,仿写玩梗类,美丽的阿西里西韭菜坪，想起一句话，鲁迅先生说了：倒也不是好色，只是花开得正艳，我若不欣赏两眼，倒显得我不解风情[呲牙],,创作者_032,12小时前,仿写玩梗类;名句呈现类
鲁迅说,视频,36,5332,其他,谁不想和鲁迅急头白脸的畅聊一个晚自习啊,鲁迅先生;孔融;文学;历史,创作者_033,6月1日,
鲁迅说,视频,38,443,仿写玩梗类,鲁迅先生的话,阿和;关注我每天分享不同的故事;内容过于真实;抖音热门,创作者_034,2023年3月24日,仿写玩梗类
鲁迅说,视频,38,5,仿写玩梗类,鲁迅说：倒也不是好色，只是花开得正艳，我若不欣赏两眼，倒显得我不解风情～,,创作者_035,14小时前,仿写玩梗类
鲁迅说,视频,40,352,名句呈现类,"""生命的路是进步的，总是沿着无限的精神三角形的斜面向上走，什么都阻止他不得""",鲁迅先生;鲁迅纪念馆;鲁迅名言;绍兴,创作者_036,2025年6月4日,名句呈现类;共鸣纪念类
鲁迅说,视频,40,871000,名句呈现类,“此后如竟没有炬火，我便是唯一的光。”,热风;鲁迅先生;未来导演扶持计划;青年大学习;台词,创作者_037,8月20日,名句呈现类(原句特征)
鲁迅说,视频,41,0,名句呈现类,鲁迅语录,鲁迅名言;生活感悟分享;人间清醒语录;名言警句,创作者_038,2小时前,名句呈现类;共鸣纪念类
鲁迅说,视频,41,3770,名句呈现类,愿中国青年都摆脱冷气，只是向上走,鲁迅先生;鲁迅精神;热风,创作者_039,4月25日,名句呈现类(原句特征)
鲁迅说,视频,41,546000,名句呈现类,这铁屋绝没有不会被冲破的可能!,鲁迅,创作者_040,2024年2月2日,名句呈现类(原句特征)
鲁迅说,视频,41,9,名句呈现类,鲁迅语录,鲁迅名言;情感语录;爱读书也要明事理;读书涨智慧,创作者_038,2天前,名句呈现类
鲁迅说,视频,43,4,知识讲解类,我没钱了的另一种表达方式，你觉得如何,鲁迅体;有文化但不多;表达技巧;幽默,创作者_041,14小时前,知识讲解类;仿写玩梗类
鲁迅说,视频,44,6,仿写玩梗类,鲁迅笔下的没钱，简直说到心坎里,鲁迅文学;成年人的心酸;搞笑口播;当代年轻人现状,创作者_042,14小时前,仿写玩梗类
鲁迅说,视频,47,1671,仿写玩梗类,我没钱了，用鲁迅先生的话表达 @抖音小助手,不信你不笑;鲁迅;喝西北风;配音,创作者_043,2024年2月20日,仿写玩梗类
鲁迅说,视频,47,61,仿写玩梗类,鲁迅：一觉醒来什么话都是我说的了？回答我！,鲁迅;鲁迅先生;名言;回答我;历史人物,创作者_044,2025年4月30日,仿写玩梗类;名句呈现类;共鸣纪念类
鲁迅说,视频,49,2115,名句呈现类,害，面子是什么东东，给个面子看完吧~,面子;鲁迅名言,创作者_045,2020年10月8日,名句呈现类
鲁迅说,视频,49,2903,仿写玩梗类,用鲁迅的口吻说 我累了,群主家的蚝店;烧烤;老板娘日常;正能量;搞笑,创作者_046,2025年12月7日,仿写玩梗类
鲁迅说,视频,52,545000,名句呈现类,鲁迅 × 张爱玲丨中国讽刺文学天花板，文学大师的嘴，有多毒？ 话不多，却字字见血。要论讽刺文学，他们才是祖师爷。“讽刺不是刻薄，是看清之后的克制。”,名人名言;情感共鸣;文学;读书;人间清醒,创作者_047,1月14日,名句呈现类;共鸣纪念类
鲁迅说,视频,53,378000,仿写玩梗类,我感冒了，用鲁迅的话怎么说,搞笑;李小汐;李小汐一家;幽默段子,创作者_048,2025年12月5日,仿写玩梗类
鲁迅说,视频,55,4,其他,开团秒为护利，无故相助为大义，这个时代不该人人冷漠，明哲保身,热风;鲁迅先生;青年大学习;新中国,创作者_049,14小时前,
鲁迅说,视频,56,153000,仿写玩梗类,我冻死了，用鲁迅的话这么说,搞笑;李小汐;李小汐一家;幽默段子;致敬鲁迅先生,创作者_048,2025年12月22日,仿写玩梗类
鲁迅说,视频,56,3918,仿写玩梗类,我大抵是倦了 横竖都想喝一口,群主家的蚝店;老板娘日常;搞笑;正能量;浙里最有劲,创作者_046,2025年11月27日,仿写玩梗类
鲁迅说,视频,59,4,仿写玩梗类,鲁迅先生说过:我们从古以来，就有埋头苦干的人，有拼命硬干的人，有为民请命的人，有舍身求法的人……这就是国家的脊梁。”,小城夜游正当时,创作者_050,15小时前,仿写玩梗类;共鸣纪念类
鲁迅说,视频,60,30000,仿写玩梗类,我饿了，用鲁迅的话怎么说,搞笑;李小汐;李小汐一家;幽默段子;致敬鲁迅先生,创作者_048,2025年12月21日,仿写玩梗类
鲁迅说,视频,61,5457,仿写玩梗类,用鲁迅的口吻说没钱过年 这大抵是没钱过年了，去年没有，今年也没有,群主家的蚝店;老板娘日常;搞笑;正能量;过年,创作者_046,2月3日,仿写玩梗类
鲁迅说,视频,61,564000,仿写玩梗类,我有一个很懂鲁迅的朋友,内容过于真实;一人分饰多角;剧情;情感共鸣;鲁迅先生,创作者_051,2024年2月7日,仿写玩梗类
鲁迅说,视频,61,598,名句呈现类,鲁迅的十大名言，任何一句都让人无言以对,文案馆;名人名言正能量;传递正能量;人生感悟;文案短句;人生百味自己体会,创作者_052,2022年4月25日,名句呈现类
鲁迅说,视频,62,41,名句呈现类,,名人名言;鲁迅名言,创作者_053,2024年9月21日,名句呈现类
鲁迅说,视频,62,64,知识讲解类,北大教授：为何总有人选择做奴才？鲁迅说得很透彻,北大;北大教授;鲁迅先生;奴才,创作者_054,5月23日,知识讲解类
鲁迅说,视频,64,10,名句呈现类,,名人名言;鲁迅“曾经阔气的要复古，正在阔气的的要保持现状，未曾阔气的要革新，”,创作者_055,2025年3月7日,名句呈现类
鲁迅说,视频,80,1840,仿写玩梗类,让鲁迅先生来优雅地告诉你，什么才是深入骨髓的穷,原创视频;我没钱了;鲁迅笔风;模仿鲁迅口吻说我没钱了,创作者_056,2023年1月19日,仿写玩梗类
鲁迅说,视频,86,41,知识讲解类,现在年轻人为什么不肯结婚了,文学;鲁迅先生;结婚;婚姻;年轻人不愿意结婚,创作者_057,10小时前,知识讲解类
鲁迅说,视频,93,245,共鸣纪念类,“他永远是精神界的战士”,历史;电影;鲁迅先生;文学;文化;社会;学习;劳动者;社会主义,创作者_058,2023年4月20日,共鸣纪念类
鲁迅说,视频,95,501000,共鸣纪念类,后来，我们都在某个时刻里，突然读懂过鲁迅@1379号观察员,鲁迅先生;教育;AI;AI让经典好书复兴;抖音读书日,创作者_059,4月23日,共鸣纪念类
鲁迅说,视频,97,558000,其他,狂人日记,配音;狂人日记;鲁迅;声控;文学,创作者_060,2025年10月20日,
鲁迅说,视频,98,127,名句呈现类,鲁迅这8句话估计再过100年也不过时   @抖音正能量,鲁迅先生;至理名言,创作者_061,2023年10月4日,名句呈现类
鲁迅说,视频,99,9,名句呈现类,鲁迅先生说：世间本没有路，骑多了就有了路。,,创作者_062,2天前,名句呈现类(原句特征)
鲁迅说,视频,103,112000,无关混入,,触动心坎的那些话,创作者_063,2024年6月7日,无关混入(无鲁迅相关词)
鲁迅说,视频,103,525,名句呈现类,读懂了鲁迅的这八句话，你对人性的认知能提升不止一个层次,,创作者_064,2024年6月7日,名句呈现类;共鸣纪念类
鲁迅说,视频,121,817,名句呈现类,鲁迅先生的八句话， 再过一百年也不过时,认知;思维格局;人生智慧,创作者_065,5月24日,名句呈现类
鲁迅说,视频,178,1957,共鸣纪念类,《 从 来 如 此 ， 便 对 么 ？》 但我坦然，欣然。我将大笑，我将歌唱。——鲁迅《野草·题辞》 已授权翻唱 翻唱：云横YH 策划/作曲：哦呼w 填词：非桥段 编曲：疯猴pme 手书分镜：肘子 绘制：肘子，阿栗，星野 手书后期：千穆林 和声：云横，璐璐，茶喵喵喵喵嗝,鲁迅先生;觉醒;音乐,创作者_066,2025年2月12日,共鸣纪念类
鲁迅说,视频,185,1,共鸣纪念类,年少时候读不懂鲁迅先生的文章，长大了却不愿意回想起，是选择面对，还是选择回避？ 人还是傻一点好，知道的越多，越清醒，就会越矛盾，越痛苦，最终会活在对与错，真与假，正与邪交织中，有人渐渐的迷茫，有人渐渐的抑郁，有人永远守住本心，有人最终堕入无间炼狱，与邪魔歪道为伍，什么是正，什么邪，什么是善，什么是恶？,,创作者_067,12小时前,共鸣纪念类
鲁迅说,视频,192,601,名句呈现类,当代“看客”,鲁迅;人文星闪耀计划,创作者_068,2024年9月4日,名句呈现类(原句特征)
鲁迅说,视频,202,33000,共鸣纪念类,鲁迅，一个我们讨论太多而了解太少的人，无数人因为他挺直了脊梁，睁开了双眼。此刻，我们共同纪念他。,鲁迅先生;历史,创作者_069,2023年10月19日,共鸣纪念类
鲁迅说,视频,228,1026000,共鸣纪念类,纪念鲁迅短片《天亮了》 他在长夜里闭上了眼。 后来，每一个翻开《呐喊》的人，都在他的字里行间看见了日出。 纪念伟大的文学家、思想家、革命家——鲁迅。 本片改编自鲁迅文集及相关史料，为艺术创作，无不良引导,AI创作浪潮计划;未来导演扶持计划;seko;sekoai;sekosd2全能模式,创作者_070,5月3日,共鸣纪念类
鲁迅说,视频,241,1851,名句呈现类,横眉冷对千夫指，俯首甘为孺子牛。鲁迅的《自嘲》,朗诵;语文;古诗词;国学文化;鲁迅,创作者_071,2023年11月2日,名句呈现类(原句特征)
鲁迅说,视频,251,67000,仿写玩梗类,"抖音读书日｜AI让经典好书复兴-鲁迅：""从来如此，便对吗？""",AI让经典好书复兴;用AI打开人文新视界;未来导演扶持计划;AI创作浪潮计划,创作者_072,4月21日,仿写玩梗类
鲁迅说,视频,256,5683,知识讲解类,鲁迅先生早在100年前就提出了“父母无恩论”。,鲁迅先生;亲子教育;情感;知识分享,创作者_073,3月10日,知识讲解类
鲁迅说,视频,278,3979,共鸣纪念类,鲁迅一直在呐喊，叫醒装睡的麻木人,鲁迅;高晓松;文学,创作者_074,4月26日,共鸣纪念类
鲁迅说,视频,300,9418,知识讲解类,鲁迅的”女性观“到底有多超前,鲁迅先生;女权;近代史;文学;女性,创作者_075,3月21日,知识讲解类
鲁迅说,视频,302,14000,知识讲解类,“摆脱冷气，只是向上走，不必听自暴自弃者流的话”-人生低谷，重读鲁迅,文脉里的中国;鲁迅先生,创作者_072,2025年11月6日,知识讲解类
鲁迅说,视频,302,28,共鸣纪念类,"挖开人性的《坟》墓，用文字刨开旧时代的坟，也照见了今天的我们 ""愿中国青年都摆脱冷气，只是向上走。"" 你有没有觉得，百年前鲁迅写的人和事，今天依然在上演？这本《坟》收录了鲁迅早期最具战斗性的杂文，他用最犀利的笔触，刨开了旧时代的脓疮，也戳破了人性的虚伪与麻木。 他骂的不是某一个人，而是刻在骨子里的国民劣根性。百年过去，我们依然需要鲁迅，依然需要这份清醒与勇气。 致敬永远的民族魂。   #  #",每日读书;好书推荐;读书分享;经典文学名著;坟,创作者_076,6月11日,共鸣纪念类
鲁迅说,视频,305,55,知识讲解类,第九集｜鲁迅仿写秘籍（下），终于来了！,鲁迅先生;语文;作文素材,创作者_077,7月25日,知识讲解类;仿写玩梗类
鲁迅说,视频,318,2331,无关混入,年轻人的陷阱,鲁大魔;创业者;励志;成长;周斌,创作者_078,3天前,无关混入(无鲁迅相关词)
鲁迅说,视频,318,39000,知识讲解类,你知道鲁迅是如何写国服性压抑的吗？,肥皂;深度解析,创作者_079,6月10日,知识讲解类
鲁迅说,视频,319,23000,知识讲解类,三分钟带你理解精神胜利法：在屈辱中凯旋，你我都有点”阿Q“？,读书;文学;鲁迅;阿Q正传;精神胜利法,创作者_080,2025年7月4日,知识讲解类
鲁迅说,视频,319,223000,知识讲解类,为什么对孩子最好的“托举”，在鲁迅眼里其实也算不上恩？,鲁迅先生;家庭;亲情;如果说,创作者_081,6月12日,知识讲解类
鲁迅说,视频,337,227000,知识讲解类,一句“两棵枣树”被误读了近百年,鲁迅先生;秋夜;阅读;文学;从良老师,创作者_082,4月6日,知识讲解类
鲁迅说,视频,345,21000,知识讲解类,鲁迅是如何骂男人的？不得不说迅哥是真敢骂的,就想说点大实话;女性智慧;两性情感;婚姻;girlstalk,创作者_083,1月26日,知识讲解类
鲁迅说,视频,367,180000,名句呈现类,怼天怼地怼空气，民国第一“喷子”鲁迅，都怼了哪些人？,鲁迅周树人;鲁迅先生;抖音精选计划,创作者_084,2025年10月20日,名句呈现类(原句特征)
鲁迅说,视频,383,2746000,仿写玩梗类,2025，眼看就剩这最后一天，仿鲁迅先生口吻做了《年终总结》一篇，全是絮絮念念，不知道有几个人能听我叨叨完。听完的伙伴，别忘了留言，我要祝你马年一马当先，事事如愿！！没听完，我也没意见，权当你听完，一样送祝愿😃！哈哈，新年快乐！愿我们新的一年携手并肩，收获满满，开心向前！,年终总结;仿鲁迅先生;迎新年;新年快乐;年度回顾;仿鲁迅先生,创作者_085,2025年12月31日,仿写玩梗类
鲁迅说,视频,385,3,知识讲解类,鲁迅名言名句：不是金句批发机，是一把不肯收鞘的解剖刀 鲁迅的名言,热门;热点;涨知识;历史;鲁迅,创作者_086,2天前,知识讲解类;名句呈现类
鲁迅说,视频,408,438000,共鸣纪念类,鲁迅，一个讨论太多而了解太少的人,鲁迅;王家卫;周树人;文学;呐喊,创作者_087,2023年7月24日,共鸣纪念类
鲁迅说,视频,521,32000,无关混入,高级作文的表达和结尾，都藏在不起眼的钉子里！,作文;作文素材;高中作文;初中作文;语文,创作者_088,6月3日,知识讲解类;无关混入(无鲁迅相关词)
鲁迅说,视频,539,10000,共鸣纪念类,从“弃医从文”到“民族魂”，鲁迅是一个时代的觉醒者！,独白;鲁迅;历史,创作者_089,2025年3月20日,共鸣纪念类
鲁迅说,视频,556,2608,知识讲解类,鲁迅，你真的了解他吗？ 五篇文章带你走过他的一生,鲁迅先生;狂人日记;呐喊,创作者_090,1月1日,知识讲解类;共鸣纪念类
鲁迅说,视频,598,2149,名句呈现类,鲁迅:猛兽总是独行,人文星闪耀计划;配音;历史人物;鲁迅,创作者_091,2024年10月29日,名句呈现类
鲁迅说,视频,653,37,知识讲解类,你敢不敢一个人走？｜鲁迅谈从众与独行 参考篇目：鲁迅《这个与那个》《习惯与改革》《经验》,鲁迅先生;认知;人生感悟;独立思考;人文,创作者_092,7月29日,知识讲解类
鲁迅说,视频,653,5848,知识讲解类,经历得越多，越是能读懂鲁迅书中血淋淋的现实。,鲁迅先生;文学;阅读,创作者_093,2025年2月23日,知识讲解类;共鸣纪念类
鲁迅说,视频,720,4123,知识讲解类,面对曾经的伤害，你一定要原谅他们吗？鲁迅《铸剑》中早有答案！,铸剑;鲁迅;文学,创作者_094,2月12日,知识讲解类
鲁迅说,图文,,1,知识讲解类,“迅哥儿”的有趣，我现在才真正get到…“深蓝的天空中挂着一轮金黄的圆月，下面是海边的沙地，都种着一望无际的碧绿的西瓜。其间有一个十一二岁的少年，项戴银圈，手捏一柄钢又，向一匹猹尽力地刺去。那猹却将身一扭，反从他的胯下逃走了。”我知道猹，还是从语文书上的《少年闰土》开始的。 《故乡》这篇文章发表以后，很多人好奇鲁迅先生笔下那吃瓜的“猹”到底是什么动物？在给舒新城的信中鲁迅先生还专门解释了一句，“‘,读书;短句文案;鲁迅;随笔;原创,创作者_095,2天前,知识讲解类;仿写玩梗类;名句呈现类;共鸣纪念类
鲁迅说,图文,,10000,名句呈现类,从来如此 便对吗？,鲁迅先生;认知觉醒;人间清醒;文学;经典语录,创作者_096,2022年11月28日,名句呈现类;共鸣纪念类
鲁迅说,图文,,11000,名句呈现类,鲁迅这八句话，估计再过一百年也不过时,名人名言励志正能量;名人名言;鲁迅,创作者_097,2023年9月22日,名句呈现类
鲁迅说,图文,,11,仿写玩梗类,鲁迅说：生活就是这样，别人只看结果，自己独掌过程，面对生活我们除了坚强就是继续别无选择，路可以回头看，但不可以回头走,,创作者_098,2022年5月6日,仿写玩梗类
鲁迅说,图文,,118,仿写玩梗类,鲁迅先生的话放到今天依然那么真实。   @抖音创作者中心 @抖音热点宝,鲁迅先生;图文;名人名言,创作者_099,2023年11月13日,仿写玩梗类;名句呈现类
鲁迅说,图文,,130,无关混入,,总有一句话戳心,创作者_100,2024年10月1日,名句呈现类;无关混入(无鲁迅相关词)
鲁迅说,图文,,144,名句呈现类,鲁迅笔下惊艳到你的句子,鲁迅名言,创作者_101,2023年5月7日,名句呈现类
鲁迅说,图文,,159,名句呈现类,名言金句  语言,鲁迅;讽刺;语言魅力,创作者_102,3月11日,名句呈现类
鲁迅说,图文,,18,名句呈现类,,每日书摘;人生哲理;鲁迅先生;悟人生之道;读书点亮人生,创作者_103,2023年11月28日,名句呈现类
鲁迅说,图文,,18,共鸣纪念类,鲁迅笔下的极致清醒（中）     @抖音创作者中心 @抖加🔥上热门🔥dou+🔥热点宝 @抖加DOU谢谢关注 @我要上热门,上热门;古诗词;国学文化;读书;图文伙伴计划2024,创作者_104,2024年5月7日,共鸣纪念类
鲁迅说,图文,,19,无关混入,我本来没有喜欢的人， 见你的次数多了也便有了。,每日书摘;读书;金句摘抄;让阅读成为一种习惯;文字的力量,创作者_105,2024年9月21日,知识讲解类;名句呈现类;无关混入(无鲁迅相关词)
鲁迅说,图文,,22000,名句呈现类,,清醒;每日书摘;短文;独立思考;鲁迅名言,创作者_106,2022年6月10日,名句呈现类;共鸣纪念类
鲁迅说,图文,,23000,名句呈现类,“鲁迅笔下极具讽刺性的句子”,,创作者_107,2023年7月21日,名句呈现类(原句特征)
鲁迅说,图文,,224,知识讲解类,鲁迅的名言   #@,知识分享;提升自己;每天学习一点点,创作者_108,2024年10月10日,知识讲解类;名句呈现类
鲁迅说,图文,,2253,名句呈现类,鲁迅30句经典语录,,创作者_109,2024年10月23日,名句呈现类
鲁迅说,图文,,226,名句呈现类,鲁迅道出人生真谛,鲁迅先生;经典语录;正能量;生活感悟,创作者_110,2025年11月28日,名句呈现类
鲁迅说,图文,,233,无关混入,😀😀😀,,创作者_111,2022年6月10日,名句呈现类(图文推定);无关混入(无鲁迅相关词)
鲁迅说,图文,,26,名句呈现类,鲁迅说的,,创作者_112,2025年1月3日,名句呈现类(图文推定)
鲁迅说,图文,,2762,名句呈现类,鲁迅这8句话把人性研究的透透的，也许再过一百年也不过时…,人性;每天学习一点点;提升自己;鲁迅先生;手写,创作者_113,4月14日,名句呈现类
鲁迅说,图文,,286,名句呈现类,鲁迅超燃讽刺名言，清醒又炸裂 鲁迅先生的语录，就像一把把手术刀，精准地剖析着人性和社会。 它们清醒得让人警醒，炸裂得让人振奋。 在这个纷繁复杂的世界里，让我们把这些语录刻在心里，时刻保持清醒的头脑，勇敢地与黑暗和不公抗争！,鲁迅;狂人日记;文学;阿Q,创作者_114,1月22日,名句呈现类;共鸣纪念类
鲁迅说,图文,,3169,名句呈现类,有种醍醐灌顶的感觉。,手写;鲁迅先生;狂人日记语录;一针见血的文案,创作者_115,3月16日,名句呈现类
鲁迅说,图文,,328,知识讲解类,鲁迅《狂人日记》摘抄。,每日书单分享;今日分享;传递正能量,创作者_116,2022年11月7日,知识讲解类;名句呈现类
鲁迅说,图文,,340,名句呈现类,先生总是一针见血,上热门;每日书摘;鲁迅先生,创作者_117,2023年8月25日,名句呈现类
鲁迅说,图文,,39,知识讲解类,感谢你的阅读!有缘相遇，觉得 鲁迅先生说的有道理的点个小❤️❤️点个关🐷，我们一起分享，一起进步，共同成就更好的自己。,,创作者_118,2025年1月16日,知识讲解类
鲁迅说,图文,,396,仿写玩梗类,鲁讯说：“只要经常花钱，烦恼就会减少80%，但是钱从哪来，鲁讯没说,每日分享;咖啡日常;少喝鸡汤多喝拿铁,创作者_119,7月18日,仿写玩梗类
鲁迅说,图文,,4,名句呈现类,鲁迅的清醒，句句封神|人间清醒天花板！他写人性，写沉默，写希望，写清醒，每一句都能扎进心里。当你觉得迷茫、焦虑、被裹挟的时候，翻翻鲁迅，会发现—原来早就有人替你说透了。,鲁迅;人间清醒;文案分享;金句分享;读书笔记,创作者_120,8月15日,名句呈现类;共鸣纪念类
鲁迅说,图文,,4301,仿写玩梗类,鲁迅体emo文案 破大防了@@,鲁迅,创作者_121,2021年12月21日,仿写玩梗类
鲁迅说,图文,,45,知识讲解类,鲁迅啊，我感受到了世人为何说你“狂”了。,那些难忘的课文;鲁迅弃医从文;鲁迅先生;周树人先生;狂人日记,创作者_122,1天前,知识讲解类
鲁迅说,图文,,4525,名句呈现类,鲁迅先生的名言。句句在理，句句封神……,文字的力量;文案;清醒认知;那些书里的句子照进现实的时刻;语录分享,创作者_123,2024年8月8日,名句呈现类;共鸣纪念类
鲁迅说,图文,,46,名句呈现类,六上第25课《我的伯父鲁迅先生》课堂笔记。本课目标： 1.能用较快的速度默读课文。 2.能用小标题的形式概括文中所写的关于鲁迅的几件事。 3.能借助课文及相关资料，感受鲁迅的人物形象。   明天在返程的路上，不更新。,手写笔记;每天学习一点,创作者_124,8月25日,名句呈现类(原句特征)
鲁迅说,图文,,472,名句呈现类,鲁迅先生经典语录。,社会百态;社会真相;鲁迅先生;人间清醒;人间真实,创作者_125,2025年1月12日,名句呈现类;共鸣纪念类
鲁迅说,图文,,5,仿写玩梗类,鲁迅先生说了：倒也不是好色，只是花开得正艳，我若不欣赏两眼，倒显得我不解风情。,,创作者_126,1天前,仿写玩梗类
鲁迅说,图文,,50,无关混入,七年级上册语文阅读笔记。,手写;字丑勿喷;阅读笔记;手写文字日常;语文,创作者_127,14小时前,知识讲解类;无关混入(无鲁迅相关词)
鲁迅说,图文,,50,知识讲解类,从来如此，便对么？ 不困于固有框架，保持思考，慢慢生长。,手写摘抄;鲁迅语录;人间清醒;自我成长;认知提升,创作者_128,8月15日,知识讲解类;名句呈现类;共鸣纪念类
鲁迅说,图文,,53,名句呈现类,彷徨。,鲁迅先生;文学,创作者_129,12小时前,名句呈现类(图文推定)
鲁迅说,图文,,542,知识讲解类,鲁迅语录10句。,鲁迅;读书;阅读;名家名段;书单,创作者_130,2024年8月4日,知识讲解类;名句呈现类
鲁迅说,图文,,571,名句呈现类,鲁迅文案,小丑,创作者_131,2025年1月18日,名句呈现类(图文推定)
鲁迅说,图文,,576,知识讲解类,迅哥儿也太逗了。,知识分享;每天跟我涨知识;国学知识,创作者_132,1月7日,知识讲解类
鲁迅说,图文,,6,名句呈现类,让我看看你们的字字,手写文字分享;鲁迅经典文字;写文字的力量,创作者_133,8月11日,名句呈现类(图文推定)
鲁迅说,图文,,6,名句呈现类,终于踩进了鲁迅的文字里,,创作者_134,1天前,名句呈现类(图文推定)
鲁迅说,图文,,624,名句呈现类,鲁迅笔下的封神语录。上学时不懂鲁迅，读懂已是局中人,鲁迅先生;鲁迅名言,创作者_135,2025年2月21日,名句呈现类;共鸣纪念类
鲁迅说,图文,,627,名句呈现类,鲁迅的这8句话，估计再过100年也不会过。,鲁迅名言;人间清醒;悟人生之道;智慧人生;触动心坎的那些话,创作者_136,2024年8月16日,名句呈现类;共鸣纪念类
鲁迅说,图文,,657,名句呈现类,鲁迅顶级的讽刺。猛兽总是独行，牛羊才成群结队,名言;人间清醒;名人语录;小说推荐;鲁迅先生,创作者_137,2025年11月19日,名句呈现类;共鸣纪念类
鲁迅说,图文,,7,名句呈现类,从来如此，便对么？——鲁迅《狂人日记》,鲁迅先生;狂人日记;鲁迅名言,创作者_138,2023年1月14日,名句呈现类
鲁迅说,图文,,8,名句呈现类,“愿中国青年都摆脱冷气，只是向上走，不必听自暴自弃者流的话。能做事的做事，能发声的发声。” ——鲁迅,,创作者_139,12小时前,名句呈现类(原句特征)
鲁迅说,图文,,86,名句呈现类,不必说碧绿的菜畦，光滑的石井栏，高大的皂荚树，紫红的桑葚；也不必说鸣蝉在树叶里长吟，肥胖的黄蜂伏在菜花上，轻捷的叫天子（云雀）忽然从草间直窜向云霄里去了。单是周围的短短的泥墙根一带，就有无限趣味。,鲁迅先生;鲁迅故居;学习历史传承古文化;三味书屋;百草园,创作者_140,7月21日,名句呈现类(图文推定)
鲁迅说,图文,,923,名句呈现类,鲁迅关于人性的几句话✍️建议收藏。,鲁迅语录;鲁迅名言;人性;人性和现实,创作者_018,2023年10月8日,名句呈现类
故事新编 鲁迅,视频,92,4376,知识讲解类,想要了解迅哥的“脑洞”，不妨读读这本《故事新编》,鲁迅先生;故事新编;好书大晒,创作者_141,2023年3月1日,知识讲解类
故事新编 鲁迅,视频,114,51000,知识讲解类,鲁迅有没有好读一点儿的书？余华只有《活着》这一部好作品吗？张爱玲是不是只会写言情？,这么深的知识都被我挖到了;抖音夏日光合季;奇妙知识在抖音,创作者_069,2022年8月10日,知识讲解类
故事新编 鲁迅,视频,117,55,知识讲解类,《故事新编》鲁迅     《故事新编》神话被拆得七零八落，露出人性的荒谬和生活的无奈。,鲁迅;故事新编;中国古代神话故事;读书,创作者_142,2天前,知识讲解类
故事新编 鲁迅,视频,8217,6,剧情演绎类,鲁迅《故事新编》线上特别演出,,创作者_143,2022年5月7日,剧情演绎类
故事新编 鲁迅,视频,229,108,知识讲解类,《故事新编》·《补天》鲁迅笔下的女娲，根本不爱她造的人类,鲁迅先生;故事新编;补天;文学;语文,创作者_144,5月19日,知识讲解类
故事新编 鲁迅,视频,300,172,剧情演绎类,鲁迅的作品，也能拍成短剧吗？我把《故事新编》里最晦涩的《铸剑》，做成了漫剧。 少年眉间尺的父亲，是一代铸剑名工。 可当他铸成那柄举世无双的宝剑，多疑善妒的楚王，便残忍将他杀害，身首分埋两地。 得知血海深仇，眉间尺决意复仇。 可他优柔寡断的本性，早已为这场复仇埋下悲剧的伏笔。 直到黑衣人出现，主动提出替他报仇。 眉间尺没有犹豫，献出宝剑，也献出了自己的头颅。 黑衣人带着首级与宝剑进入王宫，巧计斩下楚,国漫短片;鲁迅先生;眉间尺;铸剑;ai漫剧,创作者_145,1天前,剧情演绎类;知识讲解类
故事新编 鲁迅,视频,312,626,知识讲解类,我最喜欢的鲁迅短篇 《铸剑》是一篇深邃而劲健的作品。,文学;读书,创作者_146,1月25日,知识讲解类
故事新编 鲁迅,视频,439,16,知识讲解类,鲁迅作品《故事新编·理水》赏析｜“对英雄的误读从未停止”,人文星闪耀计划;文学;阅读;书单;鲁迅先生,创作者_147,2024年7月24日,知识讲解类
故事新编 鲁迅,视频,480,121,知识讲解类,深度解读鲁迅《故事新编》：从呐喊到冷笑，神话背后的荒诞与虚无 你是否也对英雄厌倦了传说？鲁迅晚年最“油滑”的杰作《故事新编》，将射日的后羿嫦娥拖入凡尘，让他们为一碗炸酱面争吵。,鲁迅;故事新编;深度解读;书评;文脉里的中国,创作者_148,2025年11月28日,知识讲解类
故事新编 鲁迅,视频,489,1052,知识讲解类,鲁迅小说《铸剑》深度解读 为什么说《铸剑》是《故事新编》里最好的小说？,铸剑;故事新编;鲁迅先生;解读名著,创作者_149,2025年12月18日,知识讲解类
故事新编 鲁迅,视频,511,35,知识讲解类,30年代文学——鲁迅的晚年之作：《故事新编》的诞生和思想内容,鲁迅先生;鲁迅杂文;故事新编;现代文学史,创作者_150,2024年12月23日,知识讲解类
故事新编 鲁迅,视频,662,2,名句呈现类,视频日记 Day63:鲁迅《故事新编》,视频日记;读书;鲁迅;故事新编;女娲,创作者_151,7月21日,名句呈现类(原句特征)
故事新编 鲁迅,视频,773,43,知识讲解类,跳出原版框架，改编传统典故。每一个小故事都有全新惊喜。,故事新编;文学解读;名著解读;读书分享,创作者_152,6月8日,知识讲解类
故事新编 鲁迅,视频,812,4821,知识讲解类,鲁迅的小说作品数量有限，但传世之作很多，文字精炼而深刻。,读书;鲁迅,创作者_146,2021年11月29日,知识讲解类
故事新编 鲁迅,视频,882,347,知识讲解类,鲁迅《故事新编 》《奔月》❶,鲁迅;鲁迅小说;鲁迅故事新编;故事新编;鲁迅语录;鲁迅小说;小说,创作者_153,2023年10月2日,知识讲解类;名句呈现类
故事新编 鲁迅,视频,1042,6,知识讲解类,睡前共读，今天我们读鲁迅先生的《故事新编》。 今天要讲的这本书，叫《故事新编》。它是鲁迅最特别的一本小说集，也是他生前最后一部纯文学作品。你可能会想，鲁迅不是写《呐喊》《彷徨》的吗？怎么会写“故事新编”？听起来像儿童读物？ 不。这本书，是鲁迅用最嬉皮笑脸的方式，写的最认真的人生答案。,睡前阅读;今天分享;鲁迅先生;呐喊;人生是一本书,创作者_154,4月16日,知识讲解类
故事新编 鲁迅,视频,1451,23,知识讲解类,神话讽刺《奔月》鲁迅-天天吃乌鸦肉实在难熬，永别了我的爱人,文学;鲁迅先生;好文分享;短篇故事;短篇小说,创作者_155,2024年3月21日,知识讲解类
故事新编 鲁迅,视频,1637,9,知识讲解类,09 《铸剑》：鲁迅的自我反省之作,,创作者_156,2025年3月26日,知识讲解类
